match_id,team1,team2,venue,city,date,match_type
1082591,Sunrisers Hyderabad,Royal Challengers Bangalore,"Rajiv Gandhi International Stadium, Uppal",Hyderabad,2017-04-05,ODI
1082592,Rising Pune Supergiant,Mumbai Indians,Maharashtra Cricket Association Stadium,Pune,2017-04-06,ODI
1082593,Gujarat Lions,Kolkata Knight Riders,Saurashtra Cricket Association Stadium,Rajkot,2017-04-07,ODI
1082594,Kings XI Punjab,Rising Pune Supergiant,Holkar Cricket Stadium,Indore,2017-04-08,ODI
1082595,Royal Challengers Bangalore,Delhi Daredevils,M.Chinnaswamy Stadium,Bengaluru,2017-04-08,ODI
1082596,Sunrisers Hyderabad,Gujarat Lions,"Rajiv Gandhi International Stadium, Uppal",Hyderabad,2017-04-09,ODI
1082597,Mumbai Indians,Kolkata Knight Riders,Wankhede Stadium,Mumbai,2017-04-09,ODI
1082598,Kings XI Punjab,Royal Challengers Bangalore,Holkar Cricket Stadium,Indore,2017-04-10,ODI
1082599,Rising Pune Supergiant,Delhi Daredevils,Maharashtra Cricket Association Stadium,Pune,2017-04-11,ODI
1082600,Mumbai Indians,Sunrisers Hyderabad,Wankhede Stadium,Mumbai,2017-04-12,ODI
1082601,Kolkata Knight Riders,Kings XI Punjab,Eden Gardens,Kolkata,2017-04-13,ODI
1082602,Royal Challengers Bangalore,Mumbai Indians,M Chinnaswamy Stadium,Bangalore,2017-04-14,ODI
1082603,Gujarat Lions,Rising Pune Supergiant,Saurashtra Cricket Association Stadium,Rajkot,2017-04-14,ODI
1082604,Kolkata Knight Riders,Sunrisers Hyderabad,Eden Gardens,Kolkata,2017-04-15,ODI
1082605,Delhi Daredevils,Kings XI Punjab,Feroz Shah Kotla,Delhi,2017-04-15,ODI
1082606,Mumbai Indians,Gujarat Lions,Wankhede Stadium,Mumbai,2017-04-16,ODI
1082607,Royal Challengers Bangalore,Rising Pune Supergiant,M Chinnaswamy Stadium,Bangalore,2017-04-16,ODI
1082608,Delhi Daredevils,Kolkata Knight Riders,Feroz Shah Kotla,Delhi,2017-04-17,ODI
1082609,Sunrisers Hyderabad,Kings XI Punjab,"Rajiv Gandhi International Stadium, Uppal",Hyderabad,2017-04-17,ODI
1082610,Gujarat Lions,Royal Challengers Bangalore,Saurashtra Cricket Association Stadium,Rajkot,2017-04-18,ODI
1082611,Sunrisers Hyderabad,Delhi Daredevils,"Rajiv Gandhi International Stadium, Uppal",Hyderabad,2017-04-19,ODI
1082612,Kings XI Punjab,Mumbai Indians,Holkar Cricket Stadium,Indore,2017-04-20,ODI
1082613,Kolkata Knight Riders,Gujarat Lions,Eden Gardens,Kolkata,2017-04-21,ODI
1082614,Mumbai Indians,Delhi Daredevils,Wankhede Stadium,Mumbai,2017-04-22,ODI
1082615,Rising Pune Supergiant,Sunrisers Hyderabad,Maharashtra Cricket Association Stadium,Pune,2017-04-22,ODI
1082616,Gujarat Lions,Kings XI Punjab,Saurashtra Cricket Association Stadium,Rajkot,2017-04-23,ODI
1082617,Kolkata Knight Riders,Royal Challengers Bangalore,Eden Gardens,Kolkata,2017-04-23,ODI
1082618,Mumbai Indians,Rising Pune Supergiant,Wankhede Stadium,Mumbai,2017-04-24,ODI
1082620,Rising Pune Supergiant,Kolkata Knight Riders,Maharashtra Cricket Association Stadium,Pune,2017-04-26,ODI
1082621,Royal Challengers Bangalore,Gujarat Lions,M Chinnaswamy Stadium,Bangalore,2017-04-27,ODI
1082622,Kolkata Knight Riders,Delhi Daredevils,Eden Gardens,Kolkata,2017-04-28,ODI
1082623,Kings XI Punjab,Sunrisers Hyderabad,"Punjab Cricket Association IS Bindra Stadium, Mohali",Chandigarh,2017-04-28,ODI
1082624,Rising Pune Supergiant,Royal Challengers Bangalore,Maharashtra Cricket Association Stadium,Pune,2017-04-29,ODI
1082625,Gujarat Lions,Mumbai Indians,Saurashtra Cricket Association Stadium,Rajkot,2017-04-29,ODI
1082626,Kings XI Punjab,Delhi Daredevils,"Punjab Cricket Association IS Bindra Stadium, Mohali",Chandigarh,2017-04-30,ODI
1082627,Sunrisers Hyderabad,Kolkata Knight Riders,"Rajiv Gandhi International Stadium, Uppal",Hyderabad,2017-04-30,ODI
1082628,Mumbai Indians,Royal Challengers Bangalore,Wankhede Stadium,Mumbai,2017-05-01,ODI
1082629,Rising Pune Supergiant,Gujarat Lions,Maharashtra Cricket Association Stadium,Pune,2017-05-01,ODI
1082630,Delhi Daredevils,Sunrisers Hyderabad,Feroz Shah Kotla,Delhi,2017-05-02,ODI
1082631,Kolkata Knight Riders,Rising Pune Supergiant,Eden Gardens,Kolkata,2017-05-03,ODI
1082632,Delhi Daredevils,Gujarat Lions,Feroz Shah Kotla,Delhi,2017-05-04,ODI
1082633,Royal Challengers Bangalore,Kings XI Punjab,M Chinnaswamy Stadium,Bangalore,2017-05-05,ODI
1082634,Sunrisers Hyderabad,Rising Pune Supergiant,"Rajiv Gandhi International Stadium, Uppal",Hyderabad,2017-05-06,ODI
1082635,Delhi Daredevils,Mumbai Indians,Feroz Shah Kotla,Delhi,2017-05-06,ODI
1082636,Royal Challengers Bangalore,Kolkata Knight Riders,M Chinnaswamy Stadium,Bangalore,2017-05-07,ODI
1082637,Kings XI Punjab,Gujarat Lions,"Punjab Cricket Association IS Bindra Stadium, Mohali",Chandigarh,2017-05-07,ODI
1082638,Sunrisers Hyderabad,Mumbai Indians,"Rajiv Gandhi International Stadium, Uppal",Hyderabad,2017-05-08,ODI
1082639,Kings XI Punjab,Kolkata Knight Riders,"Punjab Cricket Association IS Bindra Stadium, Mohali",Chandigarh,2017-05-09,ODI
1082640,Gujarat Lions,Delhi Daredevils,Green Park,Kanpur,2017-05-10,ODI
1082641,Mumbai Indians,Kings XI Punjab,Wankhede Stadium,Mumbai,2017-05-11,ODI
1082642,Delhi Daredevils,Rising Pune Supergiant,Feroz Shah Kotla,Delhi,2017-05-12,ODI
1082643,Gujarat Lions,Sunrisers Hyderabad,Green Park,Kanpur,2017-05-13,ODI
1082644,Kolkata Knight Riders,Mumbai Indians,Eden Gardens,Kolkata,2017-05-13,ODI
1082645,Rising Pune Supergiant,Kings XI Punjab,Maharashtra Cricket Association Stadium,Pune,2017-05-14,ODI
1082646,Delhi Daredevils,Royal Challengers Bangalore,Feroz Shah Kotla,Delhi,2017-05-14,ODI
1082647,Mumbai Indians,Rising Pune Supergiant,Wankhede Stadium,Mumbai,2017-05-16,ODI
1082648,Sunrisers Hyderabad,Kolkata Knight Riders,M Chinnaswamy Stadium,Bangalore,2017-05-17,ODI
1082649,Mumbai Indians,Kolkata Knight Riders,M Chinnaswamy Stadium,Bangalore,2017-05-19,ODI
1082650,Mumbai Indians,Rising Pune Supergiant,"Rajiv Gandhi International Stadium, Uppal",Hyderabad,2017-05-21,ODI
1136561,Mumbai Indians,Chennai Super Kings,Wankhede Stadium,Mumbai,2018-04-07,ODI
1136562,Delhi Daredevils,Kings XI Punjab,Punjab Cricket Association IS Bindra Stadium,Chandigarh,2018-04-08,ODI
1136563,Royal Challengers Bangalore,Kolkata Knight Riders,Eden Gardens,Kolkata,2018-04-08,ODI
1136564,Rajasthan Royals,Sunrisers Hyderabad,Rajiv Gandhi International Stadium,Hyderabad,2018-04-09,ODI
1136565,Kolkata Knight Riders,Chennai Super Kings,MA Chidambaram Stadium,Chennai,2018-04-10,ODI
1136566,Rajasthan Royals,Delhi Daredevils,Sawai Mansingh Stadium,Jaipur,2018-04-11,ODI
1136567,Mumbai Indians,Sunrisers Hyderabad,Rajiv Gandhi International Stadium,Hyderabad,2018-04-12,ODI
1136568,Kings XI Punjab,Royal Challengers Bangalore,M.Chinnaswamy Stadium,Bengaluru,2018-04-13,ODI
1136569,Mumbai Indians,Delhi Daredevils,Wankhede Stadium,Mumbai,2018-04-14,ODI
1136570,Kolkata Knight Riders,Sunrisers Hyderabad,Eden Gardens,Kolkata,2018-04-14,ODI
1136571,Rajasthan Royals,Royal Challengers Bangalore,M.Chinnaswamy Stadium,Bengaluru,2018-04-15,ODI
1136572,Kings XI Punjab,Chennai Super Kings,Punjab Cricket Association IS Bindra Stadium,Chandigarh,2018-04-15,ODI
1136573,Kolkata Knight Riders,Delhi Daredevils,Eden Gardens,Kolkata,2018-04-16,ODI
1136574,Mumbai Indians,Royal Challengers Bangalore,Wankhede Stadium,Mumbai,2018-04-17,ODI
1136575,Rajasthan Royals,Kolkata Knight Riders,Sawai Mansingh Stadium,Jaipur,2018-04-18,ODI
1136576,Kings XI Punjab,Sunrisers Hyderabad,Punjab Cricket Association IS Bindra Stadium,Chandigarh,2018-04-19,ODI
1136577,Chennai Super Kings,Rajasthan Royals,Maharashtra Cricket Association Stadium,Pune,2018-04-20,ODI
1136578,Kolkata Knight Riders,Kings XI Punjab,Eden Gardens,Kolkata,2018-04-21,ODI
1136579,Delhi Daredevils,Royal Challengers Bangalore,M.Chinnaswamy Stadium,Bengaluru,2018-04-21,ODI
1136580,Chennai Super Kings,Sunrisers Hyderabad,Rajiv Gandhi International Stadium,Hyderabad,2018-04-22,ODI
1136581,Mumbai Indians,Rajasthan Royals,Sawai Mansingh Stadium,Jaipur,2018-04-22,ODI
1136582,Kings XI Punjab,Delhi Daredevils,Arun Jaitley Stadium,Delhi,2018-04-23,ODI
1136583,Sunrisers Hyderabad,Mumbai Indians,Wankhede Stadium,Mumbai,2018-04-24,ODI
1136584,Royal Challengers Bangalore,Chennai Super Kings,M.Chinnaswamy Stadium,Bengaluru,2018-04-25,ODI
1136585,Sunrisers Hyderabad,Kings XI Punjab,Rajiv Gandhi International Stadium,Hyderabad,2018-04-26,ODI
1136586,Delhi Daredevils,Kolkata Knight Riders,Arun Jaitley Stadium,Delhi,2018-04-27,ODI
1136587,Chennai Super Kings,Mumbai Indians,Maharashtra Cricket Association Stadium,Pune,2018-04-28,ODI
1136588,Sunrisers Hyderabad,Rajasthan Royals,Sawai Mansingh Stadium,Jaipur,2018-04-29,ODI
1136589,Royal Challengers Bangalore,Kolkata Knight Riders,M.Chinnaswamy Stadium,Bengaluru,2018-04-29,ODI
1136590,Chennai Super Kings,Delhi Daredevils,Maharashtra Cricket Association Stadium,Pune,2018-04-30,ODI
1136591,Royal Challengers Bangalore,Mumbai Indians,M.Chinnaswamy Stadium,Bengaluru,2018-05-01,ODI
1136592,Delhi Daredevils,Rajasthan Royals,Arun Jaitley Stadium,Delhi,2018-05-02,ODI
1136593,Chennai Super Kings,Kolkata Knight Riders,Eden Gardens,Kolkata,2018-05-03,ODI
1136594,Kings XI Punjab,Mumbai Indians,Holkar Cricket Stadium,Indore,2018-05-04,ODI
1136595,Royal Challengers Bangalore,Chennai Super Kings,Maharashtra Cricket Association Stadium,Pune,2018-05-05,ODI
1136596,Delhi Daredevils,Sunrisers Hyderabad,Rajiv Gandhi International Stadium,Hyderabad,2018-05-05,ODI
1136597,Mumbai Indians,Kolkata Knight Riders,Wankhede Stadium,Mumbai,2018-05-06,ODI
1136598,Rajasthan Royals,Kings XI Punjab,Holkar Cricket Stadium,Indore,2018-05-06,ODI
1136599,Sunrisers Hyderabad,Royal Challengers Bangalore,Rajiv Gandhi International Stadium,Hyderabad,2018-05-07,ODI
1136600,Rajasthan Royals,Kings XI Punjab,Sawai Mansingh Stadium,Jaipur,2018-05-08,ODI
1136601,Mumbai Indians,Kolkata Knight Riders,Eden Gardens,Kolkata,2018-05-09,ODI
1136602,Delhi Daredevils,Sunrisers Hyderabad,Arun Jaitley Stadium,Delhi,2018-05-10,ODI
1136603,Chennai Super Kings,Rajasthan Royals,Sawai Mansingh Stadium,Jaipur,2018-05-11,ODI
1136604,Kolkata Knight Riders,Kings XI Punjab,Holkar Cricket Stadium,Indore,2018-05-12,ODI
1136605,Delhi Daredevils,Royal Challengers Bangalore,Arun Jaitley Stadium,Delhi,2018-05-12,ODI
1136606,Sunrisers Hyderabad,Chennai Super Kings,Maharashtra Cricket Association Stadium,Pune,2018-05-13,ODI
1136607,Mumbai Indians,Rajasthan Royals,Wankhede Stadium,Mumbai,2018-05-13,ODI
1136608,Kings XI Punjab,Royal Challengers Bangalore,Holkar Cricket Stadium,Indore,2018-05-14,ODI
1136609,Rajasthan Royals,Kolkata Knight Riders,Eden Gardens,Kolkata,2018-05-15,ODI
1136610,Mumbai Indians,Kings XI Punjab,Wankhede Stadium,Mumbai,2018-05-16,ODI
1136611,Royal Challengers Bangalore,Sunrisers Hyderabad,M.Chinnaswamy Stadium,Bengaluru,2018-05-17,ODI
1136612,Delhi Daredevils,Chennai Super Kings,Arun Jaitley Stadium,Delhi,2018-05-18,ODI
1136613,Rajasthan Royals,Royal Challengers Bangalore,Sawai Mansingh Stadium,Jaipur,2018-05-19,ODI
1136614,Sunrisers Hyderabad,Kolkata Knight Riders,Rajiv Gandhi International Stadium,Hyderabad,2018-05-19,ODI
1136615,Delhi Daredevils,Mumbai Indians,Arun Jaitley Stadium,Delhi,2018-05-20,ODI
1136616,Kings XI Punjab,Chennai Super Kings,Maharashtra Cricket Association Stadium,Pune,2018-05-20,ODI
1136617,Sunrisers Hyderabad,Chennai Super Kings,Wankhede Stadium,Mumbai,2018-05-22,ODI
1136618,Kolkata Knight Riders,Rajasthan Royals,Eden Gardens,Kolkata,2018-05-23,ODI
1136619,Sunrisers Hyderabad,Kolkata Knight Riders,Eden Gardens,Kolkata,2018-05-25,ODI
1136620,Sunrisers Hyderabad,Chennai Super Kings,Wankhede Stadium,Mumbai,2018-05-27,ODI
1175356,Royal Challengers Bangalore,Chennai Super Kings,MA Chidambaram Stadium,Chennai,2019-03-23,ODI
1175357,Sunrisers Hyderabad,Kolkata Knight Riders,Eden Gardens,Kolkata,2019-03-24,ODI
1175358,Delhi Capitals,Mumbai Indians,Wankhede Stadium,Mumbai,2019-03-24,ODI
1175359,Kings XI Punjab,Rajasthan Royals,Sawai Mansingh Stadium,Jaipur,2019-03-25,ODI
1175360,Delhi Capitals,Chennai Super Kings,Arun Jaitley Stadium,Delhi,2019-03-26,ODI
1175361,Kolkata Knight Riders,Kings XI Punjab,Eden Gardens,Kolkata,2019-03-27,ODI
1175362,Mumbai Indians,Royal Challengers Bangalore,M.Chinnaswamy Stadium,Bengaluru,2019-03-28,ODI
1175363,Rajasthan Royals,Sunrisers Hyderabad,Rajiv Gandhi International Stadium,Hyderabad,2019-03-29,ODI
1175364,Mumbai Indians,Kings XI Punjab,Punjab Cricket Association IS Bindra Stadium,Chandigarh,2019-03-30,ODI
1175365,Kolkata Knight Riders,Delhi Capitals,Arun Jaitley Stadium,Delhi,2019-03-30,ODI
1175366,Sunrisers Hyderabad,Royal Challengers Bangalore,Rajiv Gandhi International Stadium,Hyderabad,2019-03-31,ODI
1175367,Chennai Super Kings,Rajasthan Royals,MA Chidambaram Stadium,Chennai,2019-03-31,ODI
1175368,Kings XI Punjab,Delhi Capitals,Punjab Cricket Association IS Bindra Stadium,Chandigarh,2019-04-01,ODI
1175369,Royal Challengers Bangalore,Rajasthan Royals,Sawai Mansingh Stadium,Jaipur,2019-04-02,ODI
1175370,Mumbai Indians,Chennai Super Kings,Wankhede Stadium,Mumbai,2019-04-03,ODI
1175371,Delhi Capitals,Sunrisers Hyderabad,Arun Jaitley Stadium,Delhi,2019-04-04,ODI
1175372,Royal Challengers Bangalore,Kolkata Knight Riders,M.Chinnaswamy Stadium,Bengaluru,2019-04-05,ODI
1178393,Chennai Super Kings,Kings XI Punjab,MA Chidambaram Stadium,Chennai,2019-04-06,ODI
1178394,Mumbai Indians,Sunrisers Hyderabad,Rajiv Gandhi International Stadium,Hyderabad,2019-04-06,ODI
1178395,Royal Challengers Bangalore,Delhi Capitals,M.Chinnaswamy Stadium,Bengaluru,2019-04-07,ODI
1178396,Rajasthan Royals,Kolkata Knight Riders,Sawai Mansingh Stadium,Jaipur,2019-04-07,ODI
1178397,Sunrisers Hyderabad,Kings XI Punjab,Punjab Cricket Association IS Bindra Stadium,Chandigarh,2019-04-08,ODI
1178398,Kolkata Knight Riders,Chennai Super Kings,MA Chidambaram Stadium,Chennai,2019-04-09,ODI
1178399,Kings XI Punjab,Mumbai Indians,Wankhede Stadium,Mumbai,2019-04-10,ODI
1178400,Rajasthan Royals,Chennai Super Kings,Sawai Mansingh Stadium,Jaipur,2019-04-11,ODI
1178401,Kolkata Knight Riders,Delhi Capitals,Eden Gardens,Kolkata,2019-04-12,ODI
1178402,Mumbai Indians,Rajasthan Royals,Wankhede Stadium,Mumbai,2019-04-13,ODI
1178403,Kings XI Punjab,Royal Challengers Bangalore,Punjab Cricket Association IS Bindra Stadium,Chandigarh,2019-04-13,ODI
1178404,Kolkata Knight Riders,Chennai Super Kings,Eden Gardens,Kolkata,2019-04-14,ODI
1178405,Delhi Capitals,Sunrisers Hyderabad,Rajiv Gandhi International Stadium,Hyderabad,2019-04-14,ODI
1178406,Royal Challengers Bangalore,Mumbai Indians,Wankhede Stadium,Mumbai,2019-04-15,ODI
1178407,Kings XI Punjab,Rajasthan Royals,Punjab Cricket Association IS Bindra Stadium,Chandigarh,2019-04-16,ODI
1178408,Chennai Super Kings,Sunrisers Hyderabad,Rajiv Gandhi International Stadium,Hyderabad,2019-04-17,ODI
1178409,Mumbai Indians,Delhi Capitals,Arun Jaitley Stadium,Delhi,2019-04-18,ODI
1178410,Royal Challengers Bangalore,Kolkata Knight Riders,Eden Gardens,Kolkata,2019-04-19,ODI
1178411,Mumbai Indians,Rajasthan Royals,Sawai Mansingh Stadium,Jaipur,2019-04-20,ODI
1178412,Kings XI Punjab,Delhi Capitals,Arun Jaitley Stadium,Delhi,2019-04-20,ODI
1178413,Kolkata Knight Riders,Sunrisers Hyderabad,Rajiv Gandhi International Stadium,Hyderabad,2019-04-21,ODI
1178414,Royal Challengers Bangalore,Chennai Super Kings,M.Chinnaswamy Stadium,Bengaluru,2019-04-21,ODI
1178415,Rajasthan Royals,Delhi Capitals,Sawai Mansingh Stadium,Jaipur,2019-04-22,ODI
1178416,Sunrisers Hyderabad,Chennai Super Kings,MA Chidambaram Stadium,Chennai,2019-04-23,ODI
1178417,Royal Challengers Bangalore,Kings XI Punjab,M.Chinnaswamy Stadium,Bengaluru,2019-04-24,ODI
1178418,Kolkata Knight Riders,Rajasthan Royals,Eden Gardens,Kolkata,2019-04-25,ODI
1178419,Mumbai Indians,Chennai Super Kings,MA Chidambaram Stadium,Chennai,2019-04-26,ODI
1178420,Sunrisers Hyderabad,Rajasthan Royals,Sawai Mansingh Stadium,Jaipur,2019-04-27,ODI
1178421,Delhi Capitals,Royal Challengers Bangalore,Arun Jaitley Stadium,Delhi,2019-04-28,ODI
1178422,Kolkata Knight Riders,Mumbai Indians,Eden Gardens,Kolkata,2019-04-28,ODI
1178423,Sunrisers Hyderabad,Kings XI Punjab,Rajiv Gandhi International Stadium,Hyderabad,2019-04-29,ODI
1178424,Royal Challengers Bangalore,Rajasthan Royals,M.Chinnaswamy Stadium,Bengaluru,2019-04-30,ODI
1178425,Chennai Super Kings,Delhi Capitals,MA Chidambaram Stadium,Chennai,2019-05-01,ODI
1178426,Mumbai Indians,Sunrisers Hyderabad,Wankhede Stadium,Mumbai,2019-05-02,ODI
1178427,Kings XI Punjab,Kolkata Knight Riders,Punjab Cricket Association IS Bindra Stadium,Chandigarh,2019-05-03,ODI
1178428,Rajasthan Royals,Delhi Capitals,Arun Jaitley Stadium,Delhi,2019-05-04,ODI
1178429,Sunrisers Hyderabad,Royal Challengers Bangalore,M.Chinnaswamy Stadium,Bengaluru,2019-05-04,ODI
1178430,Chennai Super Kings,Kings XI Punjab,Punjab Cricket Association IS Bindra Stadium,Chandigarh,2019-05-05,ODI
1178431,Kolkata Knight Riders,Mumbai Indians,Wankhede Stadium,Mumbai,2019-05-05,ODI
1181764,Chennai Super Kings,Mumbai Indians,MA Chidambaram Stadium,Chennai,2019-05-07,ODI
1181766,Sunrisers Hyderabad,Delhi Capitals,Dr. Y.S. Rajasekhara Reddy ACA-VDCA Cricket Stadium,Visakhapatnam,2019-05-08,ODI
1181767,Delhi Capitals,Chennai Super Kings,Dr. Y.S. Rajasekhara Reddy ACA-VDCA Cricket Stadium,Visakhapatnam,2019-05-10,ODI
1181768,Mumbai Indians,Chennai Super Kings,Rajiv Gandhi International Stadium,Hyderabad,2019-05-12,ODI
1216492,Mumbai Indians,Chennai Super Kings,Sheikh Zayed Stadium,Abu Dhabi,2020-09-19,ODI
1216493,Delhi Capitals,Kings XI Punjab,Dubai International Cricket Stadium,Unknown,2020-09-20,ODI
1216494,Kolkata Knight Riders,Royal Challengers Bangalore,Sheikh Zayed Stadium,Abu Dhabi,2020-10-21,ODI
1216495,Mumbai Indians,Sunrisers Hyderabad,Sharjah Cricket Stadium,Unknown,2020-11-03,ODI
1216496,Rajasthan Royals,Chennai Super Kings,Sharjah Cricket Stadium,Unknown,2020-09-22,ODI
1216497,Kolkata Knight Riders,Delhi Capitals,Sheikh Zayed Stadium,Abu Dhabi,2020-10-24,ODI
1216498,Kings XI Punjab,Sunrisers Hyderabad,Dubai International Cricket Stadium,Unknown,2020-10-24,ODI
1216499,Royal Challengers Bangalore,Mumbai Indians,Sheikh Zayed Stadium,Abu Dhabi,2020-10-28,ODI
1216500,Delhi Capitals,Rajasthan Royals,Sharjah Cricket Stadium,Unknown,2020-10-09,ODI
1216501,Kolkata Knight Riders,Chennai Super Kings,Sheikh Zayed Stadium,Abu Dhabi,2020-10-07,ODI
1216502,Royal Challengers Bangalore,Sunrisers Hyderabad,Sharjah Cricket Stadium,Unknown,2020-10-31,ODI
1216503,Mumbai Indians,Kings XI Punjab,Sheikh Zayed Stadium,Abu Dhabi,2020-10-01,ODI
1216504,Kolkata Knight Riders,Rajasthan Royals,Dubai International Cricket Stadium,Unknown,2020-09-30,ODI
1216505,Royal Challengers Bangalore,Delhi Capitals,Sheikh Zayed Stadium,Abu Dhabi,2020-11-02,ODI
1216506,Kings XI Punjab,Chennai Super Kings,Sheikh Zayed Stadium,Abu Dhabi,2020-11-01,ODI
1216507,Sunrisers Hyderabad,Rajasthan Royals,Dubai International Cricket Stadium,Unknown,2020-10-11,ODI
1216508,Mumbai Indians,Kolkata Knight Riders,Sheikh Zayed Stadium,Abu Dhabi,2020-09-23,ODI
1216509,Chennai Super Kings,Delhi Capitals,Sharjah Cricket Stadium,Unknown,2020-10-17,ODI
1216510,Kings XI Punjab,Royal Challengers Bangalore,Dubai International Cricket Stadium,Unknown,2020-09-24,ODI
1216511,Mumbai Indians,Rajasthan Royals,Sheikh Zayed Stadium,Abu Dhabi,2020-10-06,ODI
1216512,Kolkata Knight Riders,Sunrisers Hyderabad,Sheikh Zayed Stadium,Abu Dhabi,2020-10-18,ODI
1216513,Kings XI Punjab,Chennai Super Kings,Dubai International Cricket Stadium,Unknown,2020-10-04,ODI
1216514,Rajasthan Royals,Royal Challengers Bangalore,Sheikh Zayed Stadium,Abu Dhabi,2020-10-03,ODI
1216515,Delhi Capitals,Kolkata Knight Riders,Sharjah Cricket Stadium,Unknown,2020-10-03,ODI
1216516,Sunrisers Hyderabad,Chennai Super Kings,Dubai International Cricket Stadium,Unknown,2020-10-02,ODI
1216517,Mumbai Indians,Kings XI Punjab,Dubai International Cricket Stadium,Unknown,2020-10-18,ODI
1216518,Rajasthan Royals,Sunrisers Hyderabad,Dubai International Cricket Stadium,Unknown,2020-10-22,ODI
1216519,Delhi Capitals,Royal Challengers Bangalore,Dubai International Cricket Stadium,Unknown,2020-10-05,ODI
1216520,Kolkata Knight Riders,Kings XI Punjab,Sharjah Cricket Stadium,Unknown,2020-10-26,ODI
1216521,Chennai Super Kings,Mumbai Indians,Sharjah Cricket Stadium,Unknown,2020-10-23,ODI
1216522,Rajasthan Royals,Royal Challengers Bangalore,Dubai International Cricket Stadium,Unknown,2020-10-17,ODI
1216523,Kolkata Knight Riders,Kings XI Punjab,Sheikh Zayed Stadium,Abu Dhabi,2020-10-10,ODI
1216524,Sunrisers Hyderabad,Delhi Capitals,Dubai International Cricket Stadium,Unknown,2020-10-27,ODI
1216525,Royal Challengers Bangalore,Chennai Super Kings,Dubai International Cricket Stadium,Unknown,2020-10-10,ODI
1216526,Kolkata Knight Riders,Mumbai Indians,Sheikh Zayed Stadium,Abu Dhabi,2020-10-16,ODI
1216527,Kings XI Punjab,Rajasthan Royals,Sharjah Cricket Stadium,Unknown,2020-09-27,ODI
1216528,Chennai Super Kings,Sunrisers Hyderabad,Dubai International Cricket Stadium,Unknown,2020-10-13,ODI
1216529,Delhi Capitals,Mumbai Indians,Sheikh Zayed Stadium,Abu Dhabi,2020-10-11,ODI
1216530,Kolkata Knight Riders,Rajasthan Royals,Dubai International Cricket Stadium,Unknown,2020-11-01,ODI
1216531,Royal Challengers Bangalore,Kings XI Punjab,Sharjah Cricket Stadium,Unknown,2020-10-15,ODI
1216532,Sunrisers Hyderabad,Delhi Capitals,Sheikh Zayed Stadium,Abu Dhabi,2020-09-29,ODI
1216533,Chennai Super Kings,Rajasthan Royals,Sheikh Zayed Stadium,Abu Dhabi,2020-10-19,ODI
1216534,Royal Challengers Bangalore,Sunrisers Hyderabad,Dubai International Cricket Stadium,Unknown,2020-09-21,ODI
1216535,Delhi Capitals,Mumbai Indians,Dubai International Cricket Stadium,Unknown,2020-10-31,ODI
1216536,Kolkata Knight Riders,Chennai Super Kings,Dubai International Cricket Stadium,Unknown,2020-10-29,ODI
1216537,Kings XI Punjab,Rajasthan Royals,Sheikh Zayed Stadium,Abu Dhabi,2020-10-30,ODI
1216538,Mumbai Indians,Sunrisers Hyderabad,Sharjah Cricket Stadium,Unknown,2020-10-04,ODI
1216539,Delhi Capitals,Chennai Super Kings,Dubai International Cricket Stadium,Unknown,2020-09-25,ODI
1216540,Royal Challengers Bangalore,Kolkata Knight Riders,Sharjah Cricket Stadium,Unknown,2020-10-12,ODI
1216541,Mumbai Indians,Rajasthan Royals,Sheikh Zayed Stadium,Abu Dhabi,2020-10-25,ODI
1216542,Sunrisers Hyderabad,Kings XI Punjab,Dubai International Cricket Stadium,Unknown,2020-10-08,ODI
1216543,Delhi Capitals,Rajasthan Royals,Dubai International Cricket Stadium,Unknown,2020-10-14,ODI
1216544,Royal Challengers Bangalore,Chennai Super Kings,Dubai International Cricket Stadium,Unknown,2020-10-25,ODI
1216545,Sunrisers Hyderabad,Kolkata Knight Riders,Sheikh Zayed Stadium,Abu Dhabi,2020-09-26,ODI
1216546,Delhi Capitals,Kings XI Punjab,Dubai International Cricket Stadium,Unknown,2020-10-20,ODI
1216547,Royal Challengers Bangalore,Mumbai Indians,Dubai International Cricket Stadium,Unknown,2020-09-28,ODI
1237177,Mumbai Indians,Delhi Capitals,Dubai International Cricket Stadium,Unknown,2020-11-05,ODI
1237178,Royal Challengers Bangalore,Sunrisers Hyderabad,Sheikh Zayed Stadium,Abu Dhabi,2020-11-06,ODI
1237180,Delhi Capitals,Sunrisers Hyderabad,Sheikh Zayed Stadium,Abu Dhabi,2020-11-08,ODI
1237181,Delhi Capitals,Mumbai Indians,Dubai International Cricket Stadium,Unknown,2020-11-10,ODI
1254058,Mumbai Indians,Royal Challengers Bangalore,"MA Chidambaram Stadium, Chepauk, Chennai",Chennai,2021-04-09,ODI
1254059,Chennai Super Kings,Delhi Capitals,"Wankhede Stadium, Mumbai",Mumbai,2021-04-10,ODI
1254060,Kolkata Knight Riders,Sunrisers Hyderabad,"MA Chidambaram Stadium, Chepauk, Chennai",Chennai,2021-04-11,ODI
1254061,Punjab Kings,Rajasthan Royals,"Wankhede Stadium, Mumbai",Mumbai,2021-04-12,ODI
1254062,Mumbai Indians,Kolkata Knight Riders,"MA Chidambaram Stadium, Chepauk, Chennai",Chennai,2021-04-13,ODI
1254063,Royal Challengers Bangalore,Sunrisers Hyderabad,"MA Chidambaram Stadium, Chepauk, Chennai",Chennai,2021-04-14,ODI
1254064,Delhi Capitals,Rajasthan Royals,"Wankhede Stadium, Mumbai",Mumbai,2021-04-15,ODI
1254065,Punjab Kings,Chennai Super Kings,"Wankhede Stadium, Mumbai",Mumbai,2021-04-16,ODI
1254066,Mumbai Indians,Sunrisers Hyderabad,"MA Chidambaram Stadium, Chepauk, Chennai",Chennai,2021-04-17,ODI
1254067,Royal Challengers Bangalore,Kolkata Knight Riders,"MA Chidambaram Stadium, Chepauk, Chennai",Chennai,2021-04-18,ODI
1254068,Punjab Kings,Delhi Capitals,"Wankhede Stadium, Mumbai",Mumbai,2021-04-18,ODI
1254069,Chennai Super Kings,Rajasthan Royals,"Wankhede Stadium, Mumbai",Mumbai,2021-04-19,ODI
1254070,Mumbai Indians,Delhi Capitals,"MA Chidambaram Stadium, Chepauk, Chennai",Chennai,2021-04-20,ODI
1254071,Punjab Kings,Sunrisers Hyderabad,"MA Chidambaram Stadium, Chepauk, Chennai",Chennai,2021-04-21,ODI
1254072,Chennai Super Kings,Kolkata Knight Riders,"Wankhede Stadium, Mumbai",Mumbai,2021-04-21,ODI
1254073,Rajasthan Royals,Royal Challengers Bangalore,"Wankhede Stadium, Mumbai",Mumbai,2021-04-22,ODI
1254074,Mumbai Indians,Punjab Kings,"MA Chidambaram Stadium, Chepauk, Chennai",Chennai,2021-04-23,ODI
1254075,Kolkata Knight Riders,Rajasthan Royals,"Wankhede Stadium, Mumbai",Mumbai,2021-04-24,ODI
1254076,Chennai Super Kings,Royal Challengers Bangalore,"Wankhede Stadium, Mumbai",Mumbai,2021-04-25,ODI
1254077,Delhi Capitals,Sunrisers Hyderabad,"MA Chidambaram Stadium, Chepauk, Chennai",Chennai,2021-04-25,ODI
1254078,Punjab Kings,Kolkata Knight Riders,"Narendra Modi Stadium, Ahmedabad",Ahmedabad,2021-04-26,ODI
1254079,Royal Challengers Bangalore,Delhi Capitals,"Narendra Modi Stadium, Ahmedabad",Ahmedabad,2021-04-27,ODI
1254080,Sunrisers Hyderabad,Chennai Super Kings,"Arun Jaitley Stadium, Delhi",Delhi,2021-04-28,ODI
1254081,Rajasthan Royals,Mumbai Indians,"Arun Jaitley Stadium, Delhi",Delhi,2021-04-29,ODI
1254082,Kolkata Knight Riders,Delhi Capitals,"Narendra Modi Stadium, Ahmedabad",Ahmedabad,2021-04-29,ODI
1254083,Punjab Kings,Royal Challengers Bangalore,"Narendra Modi Stadium, Ahmedabad",Ahmedabad,2021-04-30,ODI
1254084,Chennai Super Kings,Mumbai Indians,"Arun Jaitley Stadium, Delhi",Delhi,2021-05-01,ODI
1254085,Rajasthan Royals,Sunrisers Hyderabad,"Arun Jaitley Stadium, Delhi",Delhi,2021-05-02,ODI
1254086,Punjab Kings,Delhi Capitals,"Narendra Modi Stadium, Ahmedabad",Ahmedabad,2021-05-02,ODI
1254087,Royal Challengers Bangalore,Kolkata Knight Riders,"Zayed Cricket Stadium, Abu Dhabi",Abu Dhabi,2021-09-20,ODI
1254088,Mumbai Indians,Sunrisers Hyderabad,"Zayed Cricket Stadium, Abu Dhabi",Abu Dhabi,2021-10-08,ODI
1254089,Chennai Super Kings,Rajasthan Royals,"Zayed Cricket Stadium, Abu Dhabi",Abu Dhabi,2021-10-02,ODI
1254090,Royal Challengers Bangalore,Punjab Kings,Sharjah Cricket Stadium,Sharjah,2021-10-03,ODI
1254091,Sunrisers Hyderabad,Chennai Super Kings,Sharjah Cricket Stadium,Sharjah,2021-09-30,ODI
1254092,Delhi Capitals,Kolkata Knight Riders,Sharjah Cricket Stadium,Sharjah,2021-09-28,ODI
1254093,Rajasthan Royals,Mumbai Indians,Sharjah Cricket Stadium,Sharjah,2021-10-05,ODI
1254094,Chennai Super Kings,Punjab Kings,Dubai International Cricket Stadium,Dubai,2021-10-07,ODI
1254095,Sunrisers Hyderabad,Royal Challengers Bangalore,"Zayed Cricket Stadium, Abu Dhabi",Abu Dhabi,2021-10-06,ODI
1254096,Mumbai Indians,Kolkata Knight Riders,"Zayed Cricket Stadium, Abu Dhabi",Abu Dhabi,2021-09-23,ODI
1254097,Delhi Capitals,Rajasthan Royals,"Zayed Cricket Stadium, Abu Dhabi",Abu Dhabi,2021-09-25,ODI
1254098,Kolkata Knight Riders,Chennai Super Kings,"Zayed Cricket Stadium, Abu Dhabi",Abu Dhabi,2021-09-26,ODI
1254099,Punjab Kings,Mumbai Indians,"Zayed Cricket Stadium, Abu Dhabi",Abu Dhabi,2021-09-28,ODI
1254100,Rajasthan Royals,Sunrisers Hyderabad,Dubai International Cricket Stadium,Dubai,2021-09-27,ODI
1254101,Delhi Capitals,Royal Challengers Bangalore,Dubai International Cricket Stadium,Dubai,2021-10-08,ODI
1254102,Kolkata Knight Riders,Punjab Kings,Dubai International Cricket Stadium,Dubai,2021-10-01,ODI
1254103,Rajasthan Royals,Royal Challengers Bangalore,Dubai International Cricket Stadium,Dubai,2021-09-29,ODI
1254104,Chennai Super Kings,Mumbai Indians,Dubai International Cricket Stadium,Dubai,2021-09-19,ODI
1254105,Sunrisers Hyderabad,Delhi Capitals,Dubai International Cricket Stadium,Dubai,2021-09-22,ODI
1254106,Kolkata Knight Riders,Rajasthan Royals,Sharjah Cricket Stadium,Sharjah,2021-10-07,ODI
1254107,Punjab Kings,Sunrisers Hyderabad,Sharjah Cricket Stadium,Sharjah,2021-09-25,ODI
1254108,Royal Challengers Bangalore,Mumbai Indians,Dubai International Cricket Stadium,Dubai,2021-09-26,ODI
1254109,Sunrisers Hyderabad,Kolkata Knight Riders,Dubai International Cricket Stadium,Dubai,2021-10-03,ODI
1254110,Chennai Super Kings,Delhi Capitals,Dubai International Cricket Stadium,Dubai,2021-10-04,ODI
1254111,Rajasthan Royals,Punjab Kings,Dubai International Cricket Stadium,Dubai,2021-09-21,ODI
1254112,Mumbai Indians,Delhi Capitals,Sharjah Cricket Stadium,Sharjah,2021-10-02,ODI
1254113,Royal Challengers Bangalore,Chennai Super Kings,Sharjah Cricket Stadium,Sharjah,2021-09-24,ODI
1254114,Delhi Capitals,Chennai Super Kings,Dubai International Cricket Stadium,Dubai,2021-10-10,ODI
1254115,Royal Challengers Bangalore,Kolkata Knight Riders,Sharjah Cricket Stadium,Sharjah,2021-10-11,ODI
1254116,Delhi Capitals,Kolkata Knight Riders,Sharjah Cricket Stadium,Sharjah,2021-10-13,ODI
1254117,Chennai Super Kings,Kolkata Knight Riders,Dubai International Cricket Stadium,Dubai,2021-10-15,ODI
1304047,Chennai Super Kings,Kolkata Knight Riders,"Wankhede Stadium, Mumbai",Mumbai,2022-03-26,ODI
1304048,Mumbai Indians,Delhi Capitals,"Brabourne Stadium, Mumbai",Mumbai,2022-03-27,ODI
1304049,Royal Challengers Bangalore,Punjab Kings,"Dr DY Patil Sports Academy, Mumbai",Mumbai,2022-03-27,ODI
1304050,Lucknow Super Giants,Gujarat Titans,"Wankhede Stadium, Mumbai",Mumbai,2022-03-28,ODI
1304051,Rajasthan Royals,Sunrisers Hyderabad,"Maharashtra Cricket Association Stadium, Pune",Pune,2022-03-29,ODI
1304052,Kolkata Knight Riders,Royal Challengers Bangalore,"Dr DY Patil Sports Academy, Mumbai",Mumbai,2022-03-30,ODI
1304053,Chennai Super Kings,Lucknow Super Giants,"Brabourne Stadium, Mumbai",Mumbai,2022-03-31,ODI
1304054,Punjab Kings,Kolkata Knight Riders,"Wankhede Stadium, Mumbai",Mumbai,2022-04-01,ODI
1304055,Rajasthan Royals,Mumbai Indians,"Dr DY Patil Sports Academy, Mumbai",Mumbai,2022-04-02,ODI
1304056,Gujarat Titans,Delhi Capitals,"Maharashtra Cricket Association Stadium, Pune",Pune,2022-04-02,ODI
1304057,Punjab Kings,Chennai Super Kings,"Brabourne Stadium, Mumbai",Mumbai,2022-04-03,ODI
1304058,Lucknow Super Giants,Sunrisers Hyderabad,"Dr DY Patil Sports Academy, Mumbai",Mumbai,2022-04-04,ODI
1304059,Rajasthan Royals,Royal Challengers Bangalore,"Wankhede Stadium, Mumbai",Mumbai,2022-04-05,ODI
1304060,Mumbai Indians,Kolkata Knight Riders,"Maharashtra Cricket Association Stadium, Pune",Pune,2022-04-06,ODI
1304061,Delhi Capitals,Lucknow Super Giants,"Dr DY Patil Sports Academy, Mumbai",Mumbai,2022-04-07,ODI
1304062,Punjab Kings,Gujarat Titans,"Brabourne Stadium, Mumbai",Mumbai,2022-04-08,ODI
1304063,Chennai Super Kings,Sunrisers Hyderabad,"Dr DY Patil Sports Academy, Mumbai",Mumbai,2022-04-09,ODI
1304064,Mumbai Indians,Royal Challengers Bangalore,"Maharashtra Cricket Association Stadium, Pune",Pune,2022-04-09,ODI
1304065,Delhi Capitals,Kolkata Knight Riders,"Brabourne Stadium, Mumbai",Mumbai,2022-04-10,ODI
1304066,Rajasthan Royals,Lucknow Super Giants,"Wankhede Stadium, Mumbai",Mumbai,2022-04-10,ODI
1304067,Gujarat Titans,Sunrisers Hyderabad,"Dr DY Patil Sports Academy, Mumbai",Mumbai,2022-04-11,ODI
1304068,Chennai Super Kings,Royal Challengers Bangalore,"Dr DY Patil Sports Academy, Mumbai",Mumbai,2022-04-12,ODI
1304069,Punjab Kings,Mumbai Indians,"Maharashtra Cricket Association Stadium, Pune",Pune,2022-04-13,ODI
1304070,Gujarat Titans,Rajasthan Royals,"Dr DY Patil Sports Academy, Mumbai",Mumbai,2022-04-14,ODI
1304071,Kolkata Knight Riders,Sunrisers Hyderabad,"Brabourne Stadium, Mumbai",Mumbai,2022-04-15,ODI
1304072,Lucknow Super Giants,Mumbai Indians,"Brabourne Stadium, Mumbai",Mumbai,2022-04-16,ODI
1304073,Royal Challengers Bangalore,Delhi Capitals,"Wankhede Stadium, Mumbai",Mumbai,2022-04-16,ODI
1304074,Punjab Kings,Sunrisers Hyderabad,"Dr DY Patil Sports Academy, Mumbai",Mumbai,2022-04-17,ODI
1304075,Chennai Super Kings,Gujarat Titans,"Maharashtra Cricket Association Stadium, Pune",Pune,2022-04-17,ODI
1304076,Rajasthan Royals,Kolkata Knight Riders,"Brabourne Stadium, Mumbai",Mumbai,2022-04-18,ODI
1304077,Royal Challengers Bangalore,Lucknow Super Giants,"Dr DY Patil Sports Academy, Mumbai",Mumbai,2022-04-19,ODI
1304078,Punjab Kings,Delhi Capitals,"Brabourne Stadium, Mumbai",Mumbai,2022-04-20,ODI
1304079,Mumbai Indians,Chennai Super Kings,"Dr DY Patil Sports Academy, Mumbai",Navi Mumbai,2022-04-21,ODI
1304080,Rajasthan Royals,Delhi Capitals,"Wankhede Stadium, Mumbai",Mumbai,2022-04-22,ODI
1304081,Gujarat Titans,Kolkata Knight Riders,"Dr DY Patil Sports Academy, Mumbai",Navi Mumbai,2022-04-23,ODI
1304082,Royal Challengers Bangalore,Sunrisers Hyderabad,"Brabourne Stadium, Mumbai",Mumbai,2022-04-23,ODI
1304083,Lucknow Super Giants,Mumbai Indians,"Wankhede Stadium, Mumbai",Mumbai,2022-04-24,ODI
1304084,Punjab Kings,Chennai Super Kings,"Wankhede Stadium, Mumbai",Mumbai,2022-04-25,ODI
1304085,Rajasthan Royals,Royal Challengers Bangalore,"Maharashtra Cricket Association Stadium, Pune",Pune,2022-04-26,ODI
1304086,Sunrisers Hyderabad,Gujarat Titans,"Wankhede Stadium, Mumbai",Mumbai,2022-04-27,ODI
1304087,Kolkata Knight Riders,Delhi Capitals,"Wankhede Stadium, Mumbai",Mumbai,2022-04-28,ODI
1304088,Lucknow Super Giants,Punjab Kings,"Maharashtra Cricket Association Stadium, Pune",Pune,2022-04-29,ODI
1304089,Royal Challengers Bangalore,Gujarat Titans,"Brabourne Stadium, Mumbai",Mumbai,2022-04-30,ODI
1304090,Rajasthan Royals,Mumbai Indians,"Dr DY Patil Sports Academy, Mumbai",Navi Mumbai,2022-04-30,ODI
1304091,Lucknow Super Giants,Delhi Capitals,"Wankhede Stadium, Mumbai",Mumbai,2022-05-01,ODI
1304092,Chennai Super Kings,Sunrisers Hyderabad,"Maharashtra Cricket Association Stadium, Pune",Pune,2022-05-01,ODI
1304093,Rajasthan Royals,Kolkata Knight Riders,"Wankhede Stadium, Mumbai",Mumbai,2022-05-02,ODI
1304094,Gujarat Titans,Punjab Kings,"Dr DY Patil Sports Academy, Mumbai",Navi Mumbai,2022-05-03,ODI
1304095,Royal Challengers Bangalore,Chennai Super Kings,"Maharashtra Cricket Association Stadium, Pune",Pune,2022-05-04,ODI
1304096,Delhi Capitals,Sunrisers Hyderabad,"Brabourne Stadium, Mumbai",Mumbai,2022-05-05,ODI
1304097,Mumbai Indians,Gujarat Titans,"Brabourne Stadium, Mumbai",Mumbai,2022-05-06,ODI
1304098,Punjab Kings,Rajasthan Royals,"Wankhede Stadium, Mumbai",Mumbai,2022-05-07,ODI
1304099,Lucknow Super Giants,Kolkata Knight Riders,"Maharashtra Cricket Association Stadium, Pune",Pune,2022-05-07,ODI
1304100,Royal Challengers Bangalore,Sunrisers Hyderabad,"Wankhede Stadium, Mumbai",Mumbai,2022-05-08,ODI
1304101,Chennai Super Kings,Delhi Capitals,"Dr DY Patil Sports Academy, Mumbai",Navi Mumbai,2022-05-08,ODI
1304102,Kolkata Knight Riders,Mumbai Indians,"Dr DY Patil Sports Academy, Mumbai",Navi Mumbai,2022-05-09,ODI
1304103,Gujarat Titans,Lucknow Super Giants,"Maharashtra Cricket Association Stadium, Pune",Pune,2022-05-10,ODI
1304104,Rajasthan Royals,Delhi Capitals,"Dr DY Patil Sports Academy, Mumbai",Navi Mumbai,2022-05-11,ODI
1304105,Chennai Super Kings,Mumbai Indians,"Wankhede Stadium, Mumbai",Mumbai,2022-05-12,ODI
1304106,Punjab Kings,Royal Challengers Bangalore,"Brabourne Stadium, Mumbai",Mumbai,2022-05-13,ODI
1304107,Kolkata Knight Riders,Sunrisers Hyderabad,"Maharashtra Cricket Association Stadium, Pune",Pune,2022-05-14,ODI
1304108,Chennai Super Kings,Gujarat Titans,"Wankhede Stadium, Mumbai",Mumbai,2022-05-15,ODI
1304109,Rajasthan Royals,Lucknow Super Giants,"Brabourne Stadium, Mumbai",Mumbai,2022-05-15,ODI
1304110,Delhi Capitals,Punjab Kings,"Dr DY Patil Sports Academy, Mumbai",Navi Mumbai,2022-05-16,ODI
1304111,Sunrisers Hyderabad,Mumbai Indians,"Wankhede Stadium, Mumbai",Mumbai,2022-05-17,ODI
1304112,Lucknow Super Giants,Kolkata Knight Riders,"Dr DY Patil Sports Academy, Mumbai",Navi Mumbai,2022-05-18,ODI
1304113,Gujarat Titans,Royal Challengers Bangalore,"Wankhede Stadium, Mumbai",Mumbai,2022-05-19,ODI
1304114,Chennai Super Kings,Rajasthan Royals,"Brabourne Stadium, Mumbai",Mumbai,2022-05-20,ODI
1304115,Delhi Capitals,Mumbai Indians,"Wankhede Stadium, Mumbai",Mumbai,2022-05-21,ODI
1304116,Sunrisers Hyderabad,Punjab Kings,"Wankhede Stadium, Mumbai",Mumbai,2022-05-22,ODI
1312197,Rajasthan Royals,Gujarat Titans,"Eden Gardens, Kolkata",Kolkata,2022-05-24,ODI
1312198,Royal Challengers Bangalore,Lucknow Super Giants,"Eden Gardens, Kolkata",Kolkata,2022-05-25,ODI
1312199,Royal Challengers Bangalore,Rajasthan Royals,"Narendra Modi Stadium, Ahmedabad",Ahmedabad,2022-05-27,ODI
1312200,Rajasthan Royals,Gujarat Titans,"Narendra Modi Stadium, Ahmedabad",Ahmedabad,2022-05-29,ODI
1359475,Chennai Super Kings,Gujarat Titans,"Narendra Modi Stadium, Ahmedabad",Ahmedabad,2023-03-31,ODI
1359476,Punjab Kings,Kolkata Knight Riders,"Punjab Cricket Association IS Bindra Stadium, Mohali, Chandigarh",Chandigarh,2023-04-01,ODI
1359477,Lucknow Super Giants,Delhi Capitals,"Bharat Ratna Shri Atal Bihari Vajpayee Ekana Cricket Stadium, Lucknow",Lucknow,2023-04-01,ODI
1359478,Rajasthan Royals,Sunrisers Hyderabad,"Rajiv Gandhi International Stadium, Uppal, Hyderabad",Hyderabad,2023-04-02,ODI
1359479,Mumbai Indians,Royal Challengers Bangalore,"M Chinnaswamy Stadium, Bengaluru",Bengaluru,2023-04-02,ODI
1359480,Chennai Super Kings,Lucknow Super Giants,"MA Chidambaram Stadium, Chepauk, Chennai",Chennai,2023-04-03,ODI
1359481,Delhi Capitals,Gujarat Titans,"Arun Jaitley Stadium, Delhi",Delhi,2023-04-04,ODI
1359482,Punjab Kings,Rajasthan Royals,"Barsapara Cricket Stadium, Guwahati",Guwahati,2023-04-05,ODI
1359483,Kolkata Knight Riders,Royal Challengers Bangalore,"Eden Gardens, Kolkata",Kolkata,2023-04-06,ODI
1359484,Sunrisers Hyderabad,Lucknow Super Giants,"Bharat Ratna Shri Atal Bihari Vajpayee Ekana Cricket Stadium, Lucknow",Lucknow,2023-04-07,ODI
1359485,Rajasthan Royals,Delhi Capitals,"Barsapara Cricket Stadium, Guwahati",Guwahati,2023-04-08,ODI
1359486,Mumbai Indians,Chennai Super Kings,"Wankhede Stadium, Mumbai",Mumbai,2023-04-08,ODI
1359487,Gujarat Titans,Kolkata Knight Riders,"Narendra Modi Stadium, Ahmedabad",Ahmedabad,2023-04-09,ODI
1359488,Punjab Kings,Sunrisers Hyderabad,"Rajiv Gandhi International Stadium, Uppal, Hyderabad",Hyderabad,2023-04-09,ODI
1359489,Royal Challengers Bangalore,Lucknow Super Giants,"M Chinnaswamy Stadium, Bengaluru",Bengaluru,2023-04-10,ODI
1359490,Delhi Capitals,Mumbai Indians,"Arun Jaitley Stadium, Delhi",Delhi,2023-04-11,ODI
1359491,Rajasthan Royals,Chennai Super Kings,"MA Chidambaram Stadium, Chepauk, Chennai",Chennai,2023-04-12,ODI
1359492,Punjab Kings,Gujarat Titans,"Punjab Cricket Association IS Bindra Stadium, Mohali, Chandigarh",Chandigarh,2023-04-13,ODI
1359493,Sunrisers Hyderabad,Kolkata Knight Riders,"Eden Gardens, Kolkata",Kolkata,2023-04-14,ODI
1359494,Royal Challengers Bangalore,Delhi Capitals,"M Chinnaswamy Stadium, Bengaluru",Bengaluru,2023-04-15,ODI
1359495,Lucknow Super Giants,Punjab Kings,"Bharat Ratna Shri Atal Bihari Vajpayee Ekana Cricket Stadium, Lucknow",Lucknow,2023-04-15,ODI
1359496,Kolkata Knight Riders,Mumbai Indians,"Wankhede Stadium, Mumbai",Mumbai,2023-04-16,ODI
1359497,Gujarat Titans,Rajasthan Royals,"Narendra Modi Stadium, Ahmedabad",Ahmedabad,2023-04-16,ODI
1359498,Chennai Super Kings,Royal Challengers Bangalore,"M Chinnaswamy Stadium, Bengaluru",Bengaluru,2023-04-17,ODI
1359499,Mumbai Indians,Sunrisers Hyderabad,"Rajiv Gandhi International Stadium, Uppal, Hyderabad",Hyderabad,2023-04-18,ODI
1359500,Lucknow Super Giants,Rajasthan Royals,"Sawai Mansingh Stadium, Jaipur",Jaipur,2023-04-19,ODI
1359501,Royal Challengers Bangalore,Punjab Kings,"Punjab Cricket Association IS Bindra Stadium, Mohali, Chandigarh",Chandigarh,2023-04-20,ODI
1359502,Kolkata Knight Riders,Delhi Capitals,"Arun Jaitley Stadium, Delhi",Delhi,2023-04-20,ODI
1359503,Sunrisers Hyderabad,Chennai Super Kings,"MA Chidambaram Stadium, Chepauk, Chennai",Chennai,2023-04-21,ODI
1359504,Gujarat Titans,Lucknow Super Giants,"Bharat Ratna Shri Atal Bihari Vajpayee Ekana Cricket Stadium, Lucknow",Lucknow,2023-04-22,ODI
1359505,Punjab Kings,Mumbai Indians,"Wankhede Stadium, Mumbai",Mumbai,2023-04-22,ODI
1359506,Royal Challengers Bangalore,Rajasthan Royals,"M Chinnaswamy Stadium, Bengaluru",Bengaluru,2023-04-23,ODI
1359507,Chennai Super Kings,Kolkata Knight Riders,"Eden Gardens, Kolkata",Kolkata,2023-04-23,ODI
1359508,Delhi Capitals,Sunrisers Hyderabad,"Rajiv Gandhi International Stadium, Uppal, Hyderabad",Hyderabad,2023-04-24,ODI
1359509,Gujarat Titans,Mumbai Indians,"Narendra Modi Stadium, Ahmedabad",Ahmedabad,2023-04-25,ODI
1359510,Kolkata Knight Riders,Royal Challengers Bangalore,"M Chinnaswamy Stadium, Bengaluru",Bengaluru,2023-04-26,ODI
1359511,Rajasthan Royals,Chennai Super Kings,"Sawai Mansingh Stadium, Jaipur",Jaipur,2023-04-27,ODI
1359512,Lucknow Super Giants,Punjab Kings,"Punjab Cricket Association IS Bindra Stadium, Mohali, Chandigarh",Chandigarh,2023-04-28,ODI
1359513,Kolkata Knight Riders,Gujarat Titans,"Eden Gardens, Kolkata",Kolkata,2023-04-29,ODI
1359514,Sunrisers Hyderabad,Delhi Capitals,"Arun Jaitley Stadium, Delhi",Delhi,2023-04-29,ODI
1359515,Chennai Super Kings,Punjab Kings,"MA Chidambaram Stadium, Chepauk, Chennai",Chennai,2023-04-30,ODI
1359516,Rajasthan Royals,Mumbai Indians,"Wankhede Stadium, Mumbai",Mumbai,2023-04-30,ODI
1359517,Royal Challengers Bangalore,Lucknow Super Giants,"Bharat Ratna Shri Atal Bihari Vajpayee Ekana Cricket Stadium, Lucknow",Lucknow,2023-05-01,ODI
1359518,Delhi Capitals,Gujarat Titans,"Narendra Modi Stadium, Ahmedabad",Ahmedabad,2023-05-02,ODI
1359519,Lucknow Super Giants,Chennai Super Kings,"Bharat Ratna Shri Atal Bihari Vajpayee Ekana Cricket Stadium, Lucknow",Lucknow,2023-05-03,ODI
1359520,Punjab Kings,Mumbai Indians,"Punjab Cricket Association IS Bindra Stadium, Mohali, Chandigarh",Chandigarh,2023-05-03,ODI
1359521,Kolkata Knight Riders,Sunrisers Hyderabad,"Rajiv Gandhi International Stadium, Uppal, Hyderabad",Hyderabad,2023-05-04,ODI
1359522,Rajasthan Royals,Gujarat Titans,"Sawai Mansingh Stadium, Jaipur",Jaipur,2023-05-05,ODI
1359523,Mumbai Indians,Chennai Super Kings,"MA Chidambaram Stadium, Chepauk, Chennai",Chennai,2023-05-06,ODI
1359524,Royal Challengers Bangalore,Delhi Capitals,"Arun Jaitley Stadium, Delhi",Delhi,2023-05-06,ODI
1359525,Gujarat Titans,Lucknow Super Giants,"Narendra Modi Stadium, Ahmedabad",Ahmedabad,2023-05-07,ODI
1359526,Rajasthan Royals,Sunrisers Hyderabad,"Sawai Mansingh Stadium, Jaipur",Jaipur,2023-05-07,ODI
1359527,Punjab Kings,Kolkata Knight Riders,"Eden Gardens, Kolkata",Kolkata,2023-05-08,ODI
1359528,Royal Challengers Bangalore,Mumbai Indians,"Wankhede Stadium, Mumbai",Mumbai,2023-05-09,ODI
1359529,Chennai Super Kings,Delhi Capitals,"MA Chidambaram Stadium, Chepauk, Chennai",Chennai,2023-05-10,ODI
1359530,Kolkata Knight Riders,Rajasthan Royals,"Eden Gardens, Kolkata",Kolkata,2023-05-11,ODI
1359531,Mumbai Indians,Gujarat Titans,"Wankhede Stadium, Mumbai",Mumbai,2023-05-12,ODI
1359532,Sunrisers Hyderabad,Lucknow Super Giants,"Rajiv Gandhi International Stadium, Uppal, Hyderabad",Hyderabad,2023-05-13,ODI
1359533,Punjab Kings,Delhi Capitals,"Arun Jaitley Stadium, Delhi",Delhi,2023-05-13,ODI
1359534,Royal Challengers Bangalore,Rajasthan Royals,"Sawai Mansingh Stadium, Jaipur",Jaipur,2023-05-14,ODI
1359535,Chennai Super Kings,Kolkata Knight Riders,"MA Chidambaram Stadium, Chepauk, Chennai",Chennai,2023-05-14,ODI
1359536,Gujarat Titans,Sunrisers Hyderabad,"Narendra Modi Stadium, Ahmedabad",Ahmedabad,2023-05-15,ODI
1359537,Lucknow Super Giants,Mumbai Indians,"Bharat Ratna Shri Atal Bihari Vajpayee Ekana Cricket Stadium, Lucknow",Lucknow,2023-05-16,ODI
1359538,Delhi Capitals,Punjab Kings,"Himachal Pradesh Cricket Association Stadium, Dharamsala",Dharamsala,2023-05-17,ODI
1359539,Sunrisers Hyderabad,Royal Challengers Bangalore,"Rajiv Gandhi International Stadium, Uppal, Hyderabad",Hyderabad,2023-05-18,ODI
1359540,Punjab Kings,Rajasthan Royals,"Himachal Pradesh Cricket Association Stadium, Dharamsala",Dharamsala,2023-05-19,ODI
1359541,Chennai Super Kings,Delhi Capitals,"Arun Jaitley Stadium, Delhi",Delhi,2023-05-20,ODI
1359542,Lucknow Super Giants,Kolkata Knight Riders,"Eden Gardens, Kolkata",Kolkata,2023-05-20,ODI
1359543,Sunrisers Hyderabad,Mumbai Indians,"Wankhede Stadium, Mumbai",Mumbai,2023-05-21,ODI
1359544,Royal Challengers Bangalore,Gujarat Titans,"M Chinnaswamy Stadium, Bengaluru",Bengaluru,2023-05-21,ODI
1370350,Chennai Super Kings,Gujarat Titans,"MA Chidambaram Stadium, Chepauk, Chennai",Chennai,2023-05-23,ODI
1370351,Mumbai Indians,Lucknow Super Giants,"MA Chidambaram Stadium, Chepauk, Chennai",Chennai,2023-05-24,ODI
1370352,Gujarat Titans,Mumbai Indians,"Narendra Modi Stadium, Ahmedabad",Ahmedabad,2023-05-26,ODI
1370353,Gujarat Titans,Chennai Super Kings,"Narendra Modi Stadium, Ahmedabad",Ahmedabad,2023-05-29,ODI
1422119,Royal Challengers Bengaluru,Chennai Super Kings,"MA Chidambaram Stadium, Chepauk, Chennai",Chennai,2024-03-22,ODI
1422120,Delhi Capitals,Punjab Kings,"Maharaja Yadavindra Singh International Cricket Stadium, Mullanpur",Mohali,2024-03-23,ODI
1422121,Kolkata Knight Riders,Sunrisers Hyderabad,"Eden Gardens, Kolkata",Kolkata,2024-03-23,ODI
1422122,Rajasthan Royals,Lucknow Super Giants,"Sawai Mansingh Stadium, Jaipur",Jaipur,2024-03-24,ODI
1422123,Gujarat Titans,Mumbai Indians,"Narendra Modi Stadium, Ahmedabad",Ahmedabad,2024-03-24,ODI
1422124,Punjab Kings,Royal Challengers Bengaluru,"M Chinnaswamy Stadium, Bengaluru",Bengaluru,2024-03-25,ODI
1422125,Chennai Super Kings,Gujarat Titans,"MA Chidambaram Stadium, Chepauk, Chennai",Chennai,2024-03-26,ODI
1422126,Sunrisers Hyderabad,Mumbai Indians,"Rajiv Gandhi International Stadium, Uppal, Hyderabad",Hyderabad,2024-03-27,ODI
1422127,Rajasthan Royals,Delhi Capitals,"Sawai Mansingh Stadium, Jaipur",Jaipur,2024-03-28,ODI
1422128,Royal Challengers Bengaluru,Kolkata Knight Riders,"M Chinnaswamy Stadium, Bengaluru",Bengaluru,2024-03-29,ODI
1422129,Lucknow Super Giants,Punjab Kings,"Bharat Ratna Shri Atal Bihari Vajpayee Ekana Cricket Stadium, Lucknow",Lucknow,2024-03-30,ODI
1422130,Sunrisers Hyderabad,Gujarat Titans,"Narendra Modi Stadium, Ahmedabad",Ahmedabad,2024-03-31,ODI
1422131,Delhi Capitals,Chennai Super Kings,"Dr. Y.S. Rajasekhara Reddy ACA-VDCA Cricket Stadium, Visakhapatnam",Visakhapatnam,2024-03-31,ODI
1422132,Mumbai Indians,Rajasthan Royals,"Wankhede Stadium, Mumbai",Mumbai,2024-04-01,ODI
1422133,Lucknow Super Giants,Royal Challengers Bengaluru,"M Chinnaswamy Stadium, Bengaluru",Bengaluru,2024-04-02,ODI
1422134,Kolkata Knight Riders,Delhi Capitals,"Dr. Y.S. Rajasekhara Reddy ACA-VDCA Cricket Stadium, Visakhapatnam",Visakhapatnam,2024-04-03,ODI
1422135,Gujarat Titans,Punjab Kings,"Narendra Modi Stadium, Ahmedabad",Ahmedabad,2024-04-04,ODI
1422136,Chennai Super Kings,Sunrisers Hyderabad,"Rajiv Gandhi International Stadium, Uppal, Hyderabad",Hyderabad,2024-04-05,ODI
1422137,Royal Challengers Bengaluru,Rajasthan Royals,"Sawai Mansingh Stadium, Jaipur",Jaipur,2024-04-06,ODI
1422138,Mumbai Indians,Delhi Capitals,"Wankhede Stadium, Mumbai",Mumbai,2024-04-07,ODI
1422139,Lucknow Super Giants,Gujarat Titans,"Bharat Ratna Shri Atal Bihari Vajpayee Ekana Cricket Stadium, Lucknow",Lucknow,2024-04-07,ODI
1426260,Kolkata Knight Riders,Chennai Super Kings,"MA Chidambaram Stadium, Chepauk, Chennai",Chennai,2024-04-08,ODI
1426261,Sunrisers Hyderabad,Punjab Kings,"Maharaja Yadavindra Singh International Cricket Stadium, Mullanpur",Mohali,2024-04-09,ODI
1426262,Rajasthan Royals,Gujarat Titans,"Sawai Mansingh Stadium, Jaipur",Jaipur,2024-04-10,ODI
1426263,Royal Challengers Bengaluru,Mumbai Indians,"Wankhede Stadium, Mumbai",Mumbai,2024-04-11,ODI
1426264,Lucknow Super Giants,Delhi Capitals,"Bharat Ratna Shri Atal Bihari Vajpayee Ekana Cricket Stadium, Lucknow",Lucknow,2024-04-12,ODI
1426265,Punjab Kings,Rajasthan Royals,"Maharaja Yadavindra Singh International Cricket Stadium, Mullanpur",Mohali,2024-04-13,ODI
1426266,Lucknow Super Giants,Kolkata Knight Riders,"Eden Gardens, Kolkata",Kolkata,2024-04-14,ODI
1426267,Chennai Super Kings,Mumbai Indians,"Wankhede Stadium, Mumbai",Mumbai,2024-04-14,ODI
1426268,Sunrisers Hyderabad,Royal Challengers Bengaluru,"M Chinnaswamy Stadium, Bengaluru",Bengaluru,2024-04-15,ODI
1426269,Kolkata Knight Riders,Rajasthan Royals,"Eden Gardens, Kolkata",Kolkata,2024-04-16,ODI
1426270,Gujarat Titans,Delhi Capitals,"Narendra Modi Stadium, Ahmedabad",Ahmedabad,2024-04-17,ODI
1426271,Mumbai Indians,Punjab Kings,"Maharaja Yadavindra Singh International Cricket Stadium, Mullanpur",Mohali,2024-04-18,ODI
1426272,Chennai Super Kings,Lucknow Super Giants,"Bharat Ratna Shri Atal Bihari Vajpayee Ekana Cricket Stadium, Lucknow",Lucknow,2024-04-19,ODI
1426273,Sunrisers Hyderabad,Delhi Capitals,"Arun Jaitley Stadium, Delhi",Delhi,2024-04-20,ODI
1426274,Kolkata Knight Riders,Royal Challengers Bengaluru,"Eden Gardens, Kolkata",Kolkata,2024-04-21,ODI
1426275,Punjab Kings,Gujarat Titans,"Maharaja Yadavindra Singh International Cricket Stadium, Mullanpur",Mohali,2024-04-21,ODI
1426276,Mumbai Indians,Rajasthan Royals,"Sawai Mansingh Stadium, Jaipur",Jaipur,2024-04-22,ODI
1426277,Chennai Super Kings,Lucknow Super Giants,"MA Chidambaram Stadium, Chepauk, Chennai",Chennai,2024-04-23,ODI
1426278,Delhi Capitals,Gujarat Titans,"Arun Jaitley Stadium, Delhi",Delhi,2024-04-24,ODI
1426279,Royal Challengers Bengaluru,Sunrisers Hyderabad,"Rajiv Gandhi International Stadium, Uppal, Hyderabad",Hyderabad,2024-04-25,ODI
1426280,Kolkata Knight Riders,Punjab Kings,"Eden Gardens, Kolkata",Kolkata,2024-04-26,ODI
1426281,Delhi Capitals,Mumbai Indians,"Arun Jaitley Stadium, Delhi",Delhi,2024-04-27,ODI
1426282,Lucknow Super Giants,Rajasthan Royals,"Bharat Ratna Shri Atal Bihari Vajpayee Ekana Cricket Stadium, Lucknow",Lucknow,2024-04-27,ODI
1426283,Gujarat Titans,Royal Challengers Bengaluru,"Narendra Modi Stadium, Ahmedabad",Ahmedabad,2024-04-28,ODI
1426284,Chennai Super Kings,Sunrisers Hyderabad,"MA Chidambaram Stadium, Chepauk, Chennai",Chennai,2024-04-28,ODI
1426285,Delhi Capitals,Kolkata Knight Riders,"Eden Gardens, Kolkata",Kolkata,2024-04-29,ODI
1426286,Mumbai Indians,Lucknow Super Giants,"Bharat Ratna Shri Atal Bihari Vajpayee Ekana Cricket Stadium, Lucknow",Lucknow,2024-04-30,ODI
1426287,Chennai Super Kings,Punjab Kings,"MA Chidambaram Stadium, Chepauk, Chennai",Chennai,2024-05-01,ODI
1426288,Sunrisers Hyderabad,Rajasthan Royals,"Rajiv Gandhi International Stadium, Uppal, Hyderabad",Hyderabad,2024-05-02,ODI
1426289,Kolkata Knight Riders,Mumbai Indians,"Wankhede Stadium, Mumbai",Mumbai,2024-05-03,ODI
1426290,Gujarat Titans,Royal Challengers Bengaluru,"M Chinnaswamy Stadium, Bengaluru",Bengaluru,2024-05-04,ODI
1426291,Chennai Super Kings,Punjab Kings,"Himachal Pradesh Cricket Association Stadium, Dharamsala",Dharamsala,2024-05-05,ODI
1426292,Kolkata Knight Riders,Lucknow Super Giants,"Bharat Ratna Shri Atal Bihari Vajpayee Ekana Cricket Stadium, Lucknow",Lucknow,2024-05-05,ODI
1426293,Sunrisers Hyderabad,Mumbai Indians,"Wankhede Stadium, Mumbai",Mumbai,2024-05-06,ODI
1426294,Delhi Capitals,Rajasthan Royals,"Arun Jaitley Stadium, Delhi",Delhi,2024-05-07,ODI
1426295,Lucknow Super Giants,Sunrisers Hyderabad,"Rajiv Gandhi International Stadium, Uppal, Hyderabad",Hyderabad,2024-05-08,ODI
1426296,Royal Challengers Bengaluru,Punjab Kings,"Himachal Pradesh Cricket Association Stadium, Dharamsala",Dharamsala,2024-05-09,ODI
1426297,Gujarat Titans,Chennai Super Kings,"Narendra Modi Stadium, Ahmedabad",Ahmedabad,2024-05-10,ODI
1426298,Kolkata Knight Riders,Mumbai Indians,"Eden Gardens, Kolkata",Kolkata,2024-05-11,ODI
1426299,Rajasthan Royals,Chennai Super Kings,"MA Chidambaram Stadium, Chepauk, Chennai",Chennai,2024-05-12,ODI
1426300,Royal Challengers Bengaluru,Delhi Capitals,"M Chinnaswamy Stadium, Bengaluru",Bengaluru,2024-05-12,ODI
1426302,Delhi Capitals,Lucknow Super Giants,"Arun Jaitley Stadium, Delhi",Delhi,2024-05-14,ODI
1426303,Rajasthan Royals,Punjab Kings,"Barsapara Cricket Stadium, Guwahati",Guwahati,2024-05-15,ODI
1426305,Lucknow Super Giants,Mumbai Indians,"Wankhede Stadium, Mumbai",Mumbai,2024-05-17,ODI
1426306,Royal Challengers Bengaluru,Chennai Super Kings,"M Chinnaswamy Stadium, Bengaluru",Bengaluru,2024-05-18,ODI
1426307,Punjab Kings,Sunrisers Hyderabad,"Rajiv Gandhi International Stadium, Uppal, Hyderabad",Hyderabad,2024-05-19,ODI
1426309,Sunrisers Hyderabad,Kolkata Knight Riders,"Narendra Modi Stadium, Ahmedabad",Ahmedabad,2024-05-21,ODI
1426310,Royal Challengers Bengaluru,Rajasthan Royals,"Narendra Modi Stadium, Ahmedabad",Ahmedabad,2024-05-22,ODI
1426311,Sunrisers Hyderabad,Rajasthan Royals,"MA Chidambaram Stadium, Chepauk, Chennai",Chennai,2024-05-24,ODI
1426312,Sunrisers Hyderabad,Kolkata Knight Riders,"MA Chidambaram Stadium, Chepauk, Chennai",Chennai,2024-05-26,ODI
1473438,Kolkata Knight Riders,Royal Challengers Bengaluru,"Eden Gardens, Kolkata",Kolkata,2025-03-22,ODI
1473439,Sunrisers Hyderabad,Rajasthan Royals,"Rajiv Gandhi International Stadium, Uppal, Hyderabad",Hyderabad,2025-03-23,ODI
1473440,Mumbai Indians,Chennai Super Kings,"MA Chidambaram Stadium, Chepauk, Chennai",Chennai,2025-03-23,ODI
1473441,Lucknow Super Giants,Delhi Capitals,"Dr. Y.S. Rajasekhara Reddy ACA-VDCA Cricket Stadium, Visakhapatnam",Visakhapatnam,2025-03-24,ODI
1473442,Punjab Kings,Gujarat Titans,"Narendra Modi Stadium, Ahmedabad",Ahmedabad,2025-03-25,ODI
1473443,Rajasthan Royals,Kolkata Knight Riders,"Barsapara Cricket Stadium, Guwahati",Guwahati,2025-03-26,ODI
1473444,Sunrisers Hyderabad,Lucknow Super Giants,"Rajiv Gandhi International Stadium, Uppal, Hyderabad",Hyderabad,2025-03-27,ODI
1473445,Royal Challengers Bengaluru,Chennai Super Kings,"MA Chidambaram Stadium, Chepauk, Chennai",Chennai,2025-03-28,ODI
1473446,Gujarat Titans,Mumbai Indians,"Narendra Modi Stadium, Ahmedabad",Ahmedabad,2025-03-29,ODI
1473447,Sunrisers Hyderabad,Delhi Capitals,"Dr. Y.S. Rajasekhara Reddy ACA-VDCA Cricket Stadium, Visakhapatnam",Visakhapatnam,2025-03-30,ODI
1473448,Rajasthan Royals,Chennai Super Kings,"Barsapara Cricket Stadium, Guwahati",Guwahati,2025-03-30,ODI
1473449,Kolkata Knight Riders,Mumbai Indians,"Wankhede Stadium, Mumbai",Mumbai,2025-03-31,ODI
1473450,Lucknow Super Giants,Punjab Kings,"Bharat Ratna Shri Atal Bihari Vajpayee Ekana Cricket Stadium, Lucknow",Lucknow,2025-04-01,ODI
1473451,Royal Challengers Bengaluru,Gujarat Titans,"M Chinnaswamy Stadium, Bengaluru",Bengaluru,2025-04-02,ODI
1473452,Kolkata Knight Riders,Sunrisers Hyderabad,"Eden Gardens, Kolkata",Kolkata,2025-04-03,ODI
1473453,Lucknow Super Giants,Mumbai Indians,"Bharat Ratna Shri Atal Bihari Vajpayee Ekana Cricket Stadium, Lucknow",Lucknow,2025-04-04,ODI
1473454,Delhi Capitals,Chennai Super Kings,"MA Chidambaram Stadium, Chepauk, Chennai",Chennai,2025-04-05,ODI
1473455,Rajasthan Royals,Punjab Kings,"Maharaja Yadavindra Singh International Cricket Stadium, Mullanpur",Mohali,2025-04-05,ODI
1473456,Lucknow Super Giants,Kolkata Knight Riders,"Eden Gardens, Kolkata",Kolkata,2025-04-08,ODI
1473457,Sunrisers Hyderabad,Gujarat Titans,"Rajiv Gandhi International Stadium, Uppal, Hyderabad",Hyderabad,2025-04-06,ODI
1473458,Royal Challengers Bengaluru,Mumbai Indians,"Wankhede Stadium, Mumbai",Mumbai,2025-04-07,ODI
1473459,Punjab Kings,Chennai Super Kings,"Maharaja Yadavindra Singh International Cricket Stadium, Mullanpur",Mohali,2025-04-08,ODI
1473460,Gujarat Titans,Rajasthan Royals,"Narendra Modi Stadium, Ahmedabad",Ahmedabad,2025-04-09,ODI
1473461,Royal Challengers Bengaluru,Delhi Capitals,"M Chinnaswamy Stadium, Bengaluru",Bengaluru,2025-04-10,ODI
1473462,Chennai Super Kings,Kolkata Knight Riders,"MA Chidambaram Stadium, Chepauk, Chennai",Chennai,2025-04-11,ODI
1473463,Gujarat Titans,Lucknow Super Giants,"Bharat Ratna Shri Atal Bihari Vajpayee Ekana Cricket Stadium, Lucknow",Lucknow,2025-04-12,ODI
1473464,Punjab Kings,Sunrisers Hyderabad,"Rajiv Gandhi International Stadium, Uppal, Hyderabad",Hyderabad,2025-04-12,ODI
1473465,Rajasthan Royals,Royal Challengers Bengaluru,"Sawai Mansingh Stadium, Jaipur",Jaipur,2025-04-13,ODI
1473466,Mumbai Indians,Delhi Capitals,"Arun Jaitley Stadium, Delhi",Delhi,2025-04-13,ODI
1473467,Lucknow Super Giants,Chennai Super Kings,"Bharat Ratna Shri Atal Bihari Vajpayee Ekana Cricket Stadium, Lucknow",Lucknow,2025-04-14,ODI
1473468,Punjab Kings,Kolkata Knight Riders,"Maharaja Yadavindra Singh International Cricket Stadium, Mullanpur",Mohali,2025-04-15,ODI
1473469,Delhi Capitals,Rajasthan Royals,"Arun Jaitley Stadium, Delhi",Delhi,2025-04-16,ODI
1473470,Sunrisers Hyderabad,Mumbai Indians,"Wankhede Stadium, Mumbai",Mumbai,2025-04-17,ODI
1473471,Royal Challengers Bengaluru,Punjab Kings,"M Chinnaswamy Stadium, Bengaluru",Bengaluru,2025-04-18,ODI
1473472,Delhi Capitals,Gujarat Titans,"Narendra Modi Stadium, Ahmedabad",Ahmedabad,2025-04-19,ODI
1473473,Lucknow Super Giants,Rajasthan Royals,"Sawai Mansingh Stadium, Jaipur",Jaipur,2025-04-19,ODI
1473474,Punjab Kings,Royal Challengers Bengaluru,"Maharaja Yadavindra Singh International Cricket Stadium, Mullanpur",Mohali,2025-04-20,ODI
1473475,Chennai Super Kings,Mumbai Indians,"Wankhede Stadium, Mumbai",Mumbai,2025-04-20,ODI
1473476,Gujarat Titans,Kolkata Knight Riders,"Eden Gardens, Kolkata",Kolkata,2025-04-21,ODI
1473477,Lucknow Super Giants,Delhi Capitals,"Bharat Ratna Shri Atal Bihari Vajpayee Ekana Cricket Stadium, Lucknow",Lucknow,2025-04-22,ODI
1473478,Sunrisers Hyderabad,Mumbai Indians,"Rajiv Gandhi International Stadium, Uppal, Hyderabad",Hyderabad,2025-04-23,ODI
1473479,Royal Challengers Bengaluru,Rajasthan Royals,"M Chinnaswamy Stadium, Bengaluru",Bengaluru,2025-04-24,ODI
1473480,Chennai Super Kings,Sunrisers Hyderabad,"MA Chidambaram Stadium, Chepauk, Chennai",Chennai,2025-04-25,ODI
1473481,Punjab Kings,Kolkata Knight Riders,"Eden Gardens, Kolkata",Kolkata,2025-04-26,ODI
1473482,Mumbai Indians,Lucknow Super Giants,"Wankhede Stadium, Mumbai",Mumbai,2025-04-27,ODI
1473483,Delhi Capitals,Royal Challengers Bengaluru,"Arun Jaitley Stadium, Delhi",Delhi,2025-04-27,ODI
1473484,Gujarat Titans,Rajasthan Royals,"Sawai Mansingh Stadium, Jaipur",Jaipur,2025-04-28,ODI
1473485,Kolkata Knight Riders,Delhi Capitals,"Arun Jaitley Stadium, Delhi",Delhi,2025-04-29,ODI
1473486,Chennai Super Kings,Punjab Kings,"MA Chidambaram Stadium, Chepauk, Chennai",Chennai,2025-04-30,ODI
1473487,Mumbai Indians,Rajasthan Royals,"Sawai Mansingh Stadium, Jaipur",Jaipur,2025-05-01,ODI
1473488,Gujarat Titans,Sunrisers Hyderabad,"Narendra Modi Stadium, Ahmedabad",Ahmedabad,2025-05-02,ODI
1473489,Royal Challengers Bengaluru,Chennai Super Kings,"M Chinnaswamy Stadium, Bengaluru",Bengaluru,2025-05-03,ODI
1473490,Kolkata Knight Riders,Rajasthan Royals,"Eden Gardens, Kolkata",Kolkata,2025-05-04,ODI
1473491,Punjab Kings,Lucknow Super Giants,"Himachal Pradesh Cricket Association Stadium, Dharamsala",Dharamsala,2025-05-04,ODI
1473492,Delhi Capitals,Sunrisers Hyderabad,"Rajiv Gandhi International Stadium, Uppal, Hyderabad",Hyderabad,2025-05-05,ODI
1473493,Mumbai Indians,Gujarat Titans,"Wankhede Stadium, Mumbai",Mumbai,2025-05-06,ODI
1473494,Kolkata Knight Riders,Chennai Super Kings,"Eden Gardens, Kolkata",Kolkata,2025-05-07,ODI
1473495,Punjab Kings,Delhi Capitals,"Himachal Pradesh Cricket Association Stadium, Dharamsala",Dharamsala,2025-05-08,ODI
1473497,Punjab Kings,Rajasthan Royals,"Sawai Mansingh Stadium, Jaipur",Jaipur,2025-05-18,ODI
1473498,Delhi Capitals,Gujarat Titans,"Arun Jaitley Stadium, Delhi",Delhi,2025-05-18,ODI
1473499,Lucknow Super Giants,Sunrisers Hyderabad,"Bharat Ratna Shri Atal Bihari Vajpayee Ekana Cricket Stadium, Lucknow",Lucknow,2025-05-19,ODI
1473500,Chennai Super Kings,Rajasthan Royals,"Arun Jaitley Stadium, Delhi",Delhi,2025-05-20,ODI
1473501,Mumbai Indians,Delhi Capitals,"Wankhede Stadium, Mumbai",Mumbai,2025-05-21,ODI
1473502,Lucknow Super Giants,Gujarat Titans,"Narendra Modi Stadium, Ahmedabad",Ahmedabad,2025-05-22,ODI
1473503,Sunrisers Hyderabad,Royal Challengers Bengaluru,"Bharat Ratna Shri Atal Bihari Vajpayee Ekana Cricket Stadium, Lucknow",Lucknow,2025-05-23,ODI
1473504,Chennai Super Kings,Gujarat Titans,"Narendra Modi Stadium, Ahmedabad",Ahmedabad,2025-05-25,ODI
1473505,Sunrisers Hyderabad,Kolkata Knight Riders,"Arun Jaitley Stadium, Delhi",Delhi,2025-05-25,ODI
1473506,Mumbai Indians,Punjab Kings,"Sawai Mansingh Stadium, Jaipur",Jaipur,2025-05-26,ODI
1473507,Lucknow Super Giants,Royal Challengers Bengaluru,"Bharat Ratna Shri Atal Bihari Vajpayee Ekana Cricket Stadium, Lucknow",Lucknow,2025-05-27,ODI
1473508,Punjab Kings,Royal Challengers Bengaluru,"Maharaja Yadavindra Singh International Cricket Stadium, Mullanpur",New Chandigarh,2025-05-29,ODI
1473509,Mumbai Indians,Gujarat Titans,"Maharaja Yadavindra Singh International Cricket Stadium, New Chandigarh",New Chandigarh,2025-05-30,ODI
1473510,Mumbai Indians,Punjab Kings,"Narendra Modi Stadium, Ahmedabad",Ahmedabad,2025-06-01,ODI
1473511,Royal Challengers Bengaluru,Punjab Kings,"Narendra Modi Stadium, Ahmedabad",Ahmedabad,2025-06-03,ODI
1485779,Punjab Kings,Delhi Capitals,"Sawai Mansingh Stadium, Jaipur",Jaipur,2025-05-24,ODI
335982,Royal Challengers Bangalore,Kolkata Knight Riders,M Chinnaswamy Stadium,Bangalore,2008-04-18,ODI
335983,Kings XI Punjab,Chennai Super Kings,"Punjab Cricket Association Stadium, Mohali",Chandigarh,2008-04-19,ODI
335984,Delhi Daredevils,Rajasthan Royals,Feroz Shah Kotla,Delhi,2008-04-19,ODI
335985,Mumbai Indians,Royal Challengers Bangalore,Wankhede Stadium,Mumbai,2008-04-20,ODI
335986,Kolkata Knight Riders,Deccan Chargers,Eden Gardens,Kolkata,2008-04-20,ODI
335987,Rajasthan Royals,Kings XI Punjab,Sawai Mansingh Stadium,Jaipur,2008-04-21,ODI
335988,Deccan Chargers,Delhi Daredevils,"Rajiv Gandhi International Stadium, Uppal",Hyderabad,2008-04-22,ODI
335989,Chennai Super Kings,Mumbai Indians,"MA Chidambaram Stadium, Chepauk",Chennai,2008-04-23,ODI
335990,Deccan Chargers,Rajasthan Royals,"Rajiv Gandhi International Stadium, Uppal",Hyderabad,2008-04-24,ODI
335991,Kings XI Punjab,Mumbai Indians,"Punjab Cricket Association Stadium, Mohali",Chandigarh,2008-04-25,ODI
335992,Royal Challengers Bangalore,Rajasthan Royals,M Chinnaswamy Stadium,Bangalore,2008-04-26,ODI
335993,Chennai Super Kings,Kolkata Knight Riders,"MA Chidambaram Stadium, Chepauk",Chennai,2008-04-26,ODI
335994,Mumbai Indians,Deccan Chargers,Dr DY Patil Sports Academy,Mumbai,2008-04-27,ODI
335995,Kings XI Punjab,Delhi Daredevils,"Punjab Cricket Association Stadium, Mohali",Chandigarh,2008-04-27,ODI
335996,Royal Challengers Bangalore,Chennai Super Kings,M Chinnaswamy Stadium,Bangalore,2008-04-28,ODI
335997,Kolkata Knight Riders,Mumbai Indians,Eden Gardens,Kolkata,2008-04-29,ODI
335998,Delhi Daredevils,Royal Challengers Bangalore,Feroz Shah Kotla,Delhi,2008-04-30,ODI
335999,Deccan Chargers,Kings XI Punjab,"Rajiv Gandhi International Stadium, Uppal",Hyderabad,2008-05-01,ODI
336000,Rajasthan Royals,Kolkata Knight Riders,Sawai Mansingh Stadium,Jaipur,2008-05-01,ODI
336001,Chennai Super Kings,Delhi Daredevils,"MA Chidambaram Stadium, Chepauk",Chennai,2008-05-02,ODI
336002,Deccan Chargers,Royal Challengers Bangalore,"Rajiv Gandhi International Stadium, Uppal",Hyderabad,2008-05-25,ODI
336003,Kings XI Punjab,Kolkata Knight Riders,"Punjab Cricket Association Stadium, Mohali",Chandigarh,2008-05-03,ODI
336004,Mumbai Indians,Delhi Daredevils,Dr DY Patil Sports Academy,Mumbai,2008-05-04,ODI
336005,Rajasthan Royals,Chennai Super Kings,Sawai Mansingh Stadium,Jaipur,2008-05-04,ODI
336006,Royal Challengers Bangalore,Kings XI Punjab,M Chinnaswamy Stadium,Bangalore,2008-05-05,ODI
336007,Chennai Super Kings,Deccan Chargers,"MA Chidambaram Stadium, Chepauk",Chennai,2008-05-06,ODI
336008,Mumbai Indians,Rajasthan Royals,Dr DY Patil Sports Academy,Mumbai,2008-05-07,ODI
336009,Delhi Daredevils,Chennai Super Kings,Feroz Shah Kotla,Delhi,2008-05-08,ODI
336010,Kolkata Knight Riders,Royal Challengers Bangalore,Eden Gardens,Kolkata,2008-05-08,ODI
336011,Rajasthan Royals,Deccan Chargers,Sawai Mansingh Stadium,Jaipur,2008-05-09,ODI
336012,Royal Challengers Bangalore,Mumbai Indians,M Chinnaswamy Stadium,Bangalore,2008-05-28,ODI
336013,Chennai Super Kings,Kings XI Punjab,"MA Chidambaram Stadium, Chepauk",Chennai,2008-05-10,ODI
336014,Deccan Chargers,Kolkata Knight Riders,"Rajiv Gandhi International Stadium, Uppal",Hyderabad,2008-05-11,ODI
336015,Rajasthan Royals,Delhi Daredevils,Sawai Mansingh Stadium,Jaipur,2008-05-11,ODI
336016,Kings XI Punjab,Royal Challengers Bangalore,"Punjab Cricket Association Stadium, Mohali",Chandigarh,2008-05-12,ODI
336017,Kolkata Knight Riders,Delhi Daredevils,Eden Gardens,Kolkata,2008-05-13,ODI
336018,Mumbai Indians,Chennai Super Kings,Wankhede Stadium,Mumbai,2008-05-14,ODI
336019,Kings XI Punjab,Rajasthan Royals,"Punjab Cricket Association Stadium, Mohali",Chandigarh,2008-05-28,ODI
336020,Delhi Daredevils,Deccan Chargers,Feroz Shah Kotla,Delhi,2008-05-15,ODI
336021,Mumbai Indians,Kolkata Knight Riders,Wankhede Stadium,Mumbai,2008-05-16,ODI
336022,Delhi Daredevils,Kings XI Punjab,Feroz Shah Kotla,Delhi,2008-05-17,ODI
336023,Rajasthan Royals,Royal Challengers Bangalore,Sawai Mansingh Stadium,Jaipur,2008-05-17,ODI
336024,Deccan Chargers,Mumbai Indians,"Rajiv Gandhi International Stadium, Uppal",Hyderabad,2008-05-18,ODI
336025,Kolkata Knight Riders,Chennai Super Kings,Eden Gardens,Kolkata,2008-05-18,ODI
336026,Royal Challengers Bangalore,Delhi Daredevils,M Chinnaswamy Stadium,Bangalore,2008-05-19,ODI
336027,Kolkata Knight Riders,Rajasthan Royals,Eden Gardens,Kolkata,2008-05-20,ODI
336028,Mumbai Indians,Kings XI Punjab,Wankhede Stadium,Mumbai,2008-05-21,ODI
336029,Chennai Super Kings,Royal Challengers Bangalore,"MA Chidambaram Stadium, Chepauk",Chennai,2008-05-21,ODI
336031,Kings XI Punjab,Deccan Chargers,"Punjab Cricket Association Stadium, Mohali",Chandigarh,2008-05-23,ODI
336032,Delhi Daredevils,Mumbai Indians,Feroz Shah Kotla,Delhi,2008-05-24,ODI
336033,Chennai Super Kings,Rajasthan Royals,"MA Chidambaram Stadium, Chepauk",Chennai,2008-05-24,ODI
336034,Royal Challengers Bangalore,Deccan Chargers,M Chinnaswamy Stadium,Bangalore,2008-05-03,ODI
336035,Kolkata Knight Riders,Kings XI Punjab,Eden Gardens,Kolkata,2008-05-25,ODI
336036,Rajasthan Royals,Mumbai Indians,Sawai Mansingh Stadium,Jaipur,2008-05-26,ODI
336037,Deccan Chargers,Chennai Super Kings,"Rajiv Gandhi International Stadium, Uppal",Hyderabad,2008-05-27,ODI
336038,Delhi Daredevils,Rajasthan Royals,Wankhede Stadium,Mumbai,2008-05-30,ODI
336039,Chennai Super Kings,Kings XI Punjab,Wankhede Stadium,Mumbai,2008-05-31,ODI
336040,Chennai Super Kings,Rajasthan Royals,Dr DY Patil Sports Academy,Mumbai,2008-06-01,ODI
392181,Chennai Super Kings,Mumbai Indians,Newlands,Cape Town,2009-04-18,ODI
392182,Royal Challengers Bangalore,Rajasthan Royals,Newlands,Cape Town,2009-04-18,ODI
392183,Delhi Daredevils,Kings XI Punjab,Newlands,Cape Town,2009-04-19,ODI
392184,Deccan Chargers,Kolkata Knight Riders,Newlands,Cape Town,2009-04-19,ODI
392185,Royal Challengers Bangalore,Chennai Super Kings,St George's Park,Port Elizabeth,2009-04-20,ODI
392186,Kings XI Punjab,Kolkata Knight Riders,Kingsmead,Durban,2009-04-21,ODI
392188,Royal Challengers Bangalore,Deccan Chargers,Newlands,Cape Town,2009-04-22,ODI
392189,Chennai Super Kings,Delhi Daredevils,Kingsmead,Durban,2009-04-23,ODI
392190,Kolkata Knight Riders,Rajasthan Royals,Newlands,Cape Town,2009-04-23,ODI
392191,Royal Challengers Bangalore,Kings XI Punjab,Kingsmead,Durban,2009-04-24,ODI
392192,Deccan Chargers,Mumbai Indians,Kingsmead,Durban,2009-04-25,ODI
392194,Royal Challengers Bangalore,Delhi Daredevils,St George's Park,Port Elizabeth,2009-04-26,ODI
392195,Kings XI Punjab,Rajasthan Royals,Newlands,Cape Town,2009-04-26,ODI
392196,Chennai Super Kings,Deccan Chargers,Kingsmead,Durban,2009-04-27,ODI
392197,Kolkata Knight Riders,Mumbai Indians,St George's Park,Port Elizabeth,2009-04-27,ODI
392198,Delhi Daredevils,Rajasthan Royals,SuperSport Park,Centurion,2009-04-28,ODI
392199,Royal Challengers Bangalore,Kolkata Knight Riders,Kingsmead,Durban,2009-04-29,ODI
392200,Kings XI Punjab,Mumbai Indians,Kingsmead,Durban,2009-04-29,ODI
392201,Deccan Chargers,Delhi Daredevils,SuperSport Park,Centurion,2009-04-30,ODI
392202,Chennai Super Kings,Rajasthan Royals,SuperSport Park,Centurion,2009-04-30,ODI
392203,Kolkata Knight Riders,Mumbai Indians,Buffalo Park,East London,2009-05-01,ODI
392204,Royal Challengers Bangalore,Kings XI Punjab,Kingsmead,Durban,2009-05-01,ODI
392205,Deccan Chargers,Rajasthan Royals,St George's Park,Port Elizabeth,2009-05-02,ODI
392206,Chennai Super Kings,Delhi Daredevils,New Wanderers Stadium,Johannesburg,2009-05-02,ODI
392207,Kings XI Punjab,Kolkata Knight Riders,St George's Park,Port Elizabeth,2009-05-03,ODI
392208,Royal Challengers Bangalore,Mumbai Indians,New Wanderers Stadium,Johannesburg,2009-05-03,ODI
392209,Chennai Super Kings,Deccan Chargers,Buffalo Park,East London,2009-05-04,ODI
392210,Kings XI Punjab,Rajasthan Royals,Kingsmead,Durban,2009-05-05,ODI
392211,Delhi Daredevils,Kolkata Knight Riders,Kingsmead,Durban,2009-05-05,ODI
392212,Deccan Chargers,Mumbai Indians,SuperSport Park,Centurion,2009-05-06,ODI
392213,Royal Challengers Bangalore,Rajasthan Royals,SuperSport Park,Centurion,2009-05-07,ODI
392214,Chennai Super Kings,Kings XI Punjab,SuperSport Park,Centurion,2009-05-07,ODI
392215,Delhi Daredevils,Mumbai Indians,Buffalo Park,East London,2009-05-08,ODI
392216,Deccan Chargers,Kings XI Punjab,De Beers Diamond Oval,Kimberley,2009-05-09,ODI
392217,Chennai Super Kings,Rajasthan Royals,De Beers Diamond Oval,Kimberley,2009-05-09,ODI
392218,Royal Challengers Bangalore,Mumbai Indians,St George's Park,Port Elizabeth,2009-05-10,ODI
392219,Delhi Daredevils,Kolkata Knight Riders,New Wanderers Stadium,Johannesburg,2009-05-10,ODI
392220,Deccan Chargers,Rajasthan Royals,De Beers Diamond Oval,Kimberley,2009-05-11,ODI
392221,Royal Challengers Bangalore,Kolkata Knight Riders,SuperSport Park,Centurion,2009-05-12,ODI
392222,Kings XI Punjab,Mumbai Indians,SuperSport Park,Centurion,2009-05-12,ODI
392223,Deccan Chargers,Delhi Daredevils,Kingsmead,Durban,2009-05-13,ODI
392224,Royal Challengers Bangalore,Chennai Super Kings,Kingsmead,Durban,2009-05-14,ODI
392225,Mumbai Indians,Rajasthan Royals,Kingsmead,Durban,2009-05-14,ODI
392226,Delhi Daredevils,Kings XI Punjab,OUTsurance Oval,Bloemfontein,2009-05-15,ODI
392227,Chennai Super Kings,Mumbai Indians,St George's Park,Port Elizabeth,2009-05-16,ODI
392228,Deccan Chargers,Kolkata Knight Riders,New Wanderers Stadium,Johannesburg,2009-05-16,ODI
392229,Deccan Chargers,Kings XI Punjab,New Wanderers Stadium,Johannesburg,2009-05-17,ODI
392230,Delhi Daredevils,Rajasthan Royals,OUTsurance Oval,Bloemfontein,2009-05-17,ODI
392231,Chennai Super Kings,Kolkata Knight Riders,SuperSport Park,Centurion,2009-05-18,ODI
392232,Royal Challengers Bangalore,Delhi Daredevils,New Wanderers Stadium,Johannesburg,2009-05-19,ODI
392233,Kolkata Knight Riders,Rajasthan Royals,Kingsmead,Durban,2009-05-20,ODI
392234,Chennai Super Kings,Kings XI Punjab,Kingsmead,Durban,2009-05-20,ODI
392235,Delhi Daredevils,Mumbai Indians,SuperSport Park,Centurion,2009-05-21,ODI
392236,Royal Challengers Bangalore,Deccan Chargers,SuperSport Park,Centurion,2009-05-21,ODI
392237,Delhi Daredevils,Deccan Chargers,SuperSport Park,Centurion,2009-05-22,ODI
392238,Royal Challengers Bangalore,Chennai Super Kings,New Wanderers Stadium,Johannesburg,2009-05-23,ODI
392239,Royal Challengers Bangalore,Deccan Chargers,New Wanderers Stadium,Johannesburg,2009-05-24,ODI
419106,Deccan Chargers,Kolkata Knight Riders,Dr DY Patil Sports Academy,Mumbai,2010-03-12,ODI
419107,Mumbai Indians,Rajasthan Royals,Brabourne Stadium,Mumbai,2010-03-13,ODI
419108,Kings XI Punjab,Delhi Daredevils,"Punjab Cricket Association Stadium, Mohali",Chandigarh,2010-03-13,ODI
419109,Kolkata Knight Riders,Royal Challengers Bangalore,Eden Gardens,Kolkata,2010-03-14,ODI
419110,Chennai Super Kings,Deccan Chargers,"MA Chidambaram Stadium, Chepauk",Chennai,2010-03-14,ODI
419111,Rajasthan Royals,Delhi Daredevils,"Sardar Patel Stadium, Motera",Ahmedabad,2010-03-15,ODI
419112,Royal Challengers Bangalore,Kings XI Punjab,M Chinnaswamy Stadium,Bangalore,2010-03-16,ODI
419113,Kolkata Knight Riders,Chennai Super Kings,Eden Gardens,Kolkata,2010-03-16,ODI
419114,Delhi Daredevils,Mumbai Indians,Feroz Shah Kotla,Delhi,2010-03-17,ODI
419115,Royal Challengers Bangalore,Rajasthan Royals,M Chinnaswamy Stadium,Bangalore,2010-03-18,ODI
419116,Delhi Daredevils,Chennai Super Kings,Feroz Shah Kotla,Delhi,2010-03-19,ODI
419117,Deccan Chargers,Kings XI Punjab,Barabati Stadium,Cuttack,2010-03-19,ODI
419118,Rajasthan Royals,Kolkata Knight Riders,"Sardar Patel Stadium, Motera",Ahmedabad,2010-03-20,ODI
419119,Mumbai Indians,Royal Challengers Bangalore,Brabourne Stadium,Mumbai,2010-03-20,ODI
419120,Deccan Chargers,Delhi Daredevils,Barabati Stadium,Cuttack,2010-03-21,ODI
419121,Chennai Super Kings,Kings XI Punjab,"MA Chidambaram Stadium, Chepauk",Chennai,2010-03-21,ODI
419122,Mumbai Indians,Kolkata Knight Riders,Brabourne Stadium,Mumbai,2010-03-22,ODI
419123,Royal Challengers Bangalore,Chennai Super Kings,M Chinnaswamy Stadium,Bangalore,2010-03-23,ODI
419124,Kings XI Punjab,Rajasthan Royals,"Punjab Cricket Association Stadium, Mohali",Chandigarh,2010-03-24,ODI
419125,Chennai Super Kings,Mumbai Indians,"Brabourne Stadium, Mumbai",Mumbai,2010-03-25,ODI
419126,Rajasthan Royals,Deccan Chargers,"Sardar Patel Stadium, Motera",Ahmedabad,2010-03-26,ODI
419127,Kings XI Punjab,Kolkata Knight Riders,"Punjab Cricket Association Stadium, Mohali",Chandigarh,2010-03-27,ODI
419128,Royal Challengers Bangalore,Delhi Daredevils,M Chinnaswamy Stadium,Bangalore,2010-03-25,ODI
419129,Rajasthan Royals,Chennai Super Kings,"Sardar Patel Stadium, Motera",Ahmedabad,2010-03-28,ODI
419130,Deccan Chargers,Mumbai Indians,Dr DY Patil Sports Academy,Mumbai,2010-03-28,ODI
419131,Delhi Daredevils,Kolkata Knight Riders,Feroz Shah Kotla,Delhi,2010-03-29,ODI
419132,Mumbai Indians,Kings XI Punjab,Brabourne Stadium,Mumbai,2010-03-30,ODI
419133,Chennai Super Kings,Royal Challengers Bangalore,"MA Chidambaram Stadium, Chepauk",Chennai,2010-03-31,ODI
419134,Delhi Daredevils,Rajasthan Royals,Feroz Shah Kotla,Delhi,2010-03-31,ODI
419135,Kolkata Knight Riders,Deccan Chargers,Eden Gardens,Kolkata,2010-04-01,ODI
419136,Kings XI Punjab,Royal Challengers Bangalore,"Punjab Cricket Association Stadium, Mohali",Chandigarh,2010-04-02,ODI
419137,Chennai Super Kings,Rajasthan Royals,"MA Chidambaram Stadium, Chepauk",Chennai,2010-04-03,ODI
419138,Mumbai Indians,Deccan Chargers,Brabourne Stadium,Mumbai,2010-04-03,ODI
419139,Kolkata Knight Riders,Kings XI Punjab,Eden Gardens,Kolkata,2010-04-04,ODI
419140,Delhi Daredevils,Royal Challengers Bangalore,Feroz Shah Kotla,Delhi,2010-04-04,ODI
419141,Deccan Chargers,Rajasthan Royals,"Vidarbha Cricket Association Stadium, Jamtha",Nagpur,2010-04-05,ODI
419142,Chennai Super Kings,Mumbai Indians,"MA Chidambaram Stadium, Chepauk",Chennai,2010-04-06,ODI
419143,Rajasthan Royals,Kings XI Punjab,Sawai Mansingh Stadium,Jaipur,2010-04-07,ODI
419144,Kolkata Knight Riders,Delhi Daredevils,Eden Gardens,Kolkata,2010-04-07,ODI
419145,Royal Challengers Bangalore,Deccan Chargers,M Chinnaswamy Stadium,Bangalore,2010-04-08,ODI
419146,Kings XI Punjab,Mumbai Indians,"Punjab Cricket Association Stadium, Mohali",Chandigarh,2010-04-09,ODI
419147,Deccan Chargers,Chennai Super Kings,"Vidarbha Cricket Association Stadium, Jamtha",Nagpur,2010-04-10,ODI
419148,Royal Challengers Bangalore,Kolkata Knight Riders,M Chinnaswamy Stadium,Bangalore,2010-04-10,ODI
419149,Delhi Daredevils,Kings XI Punjab,Feroz Shah Kotla,Delhi,2010-04-11,ODI
419150,Rajasthan Royals,Mumbai Indians,Sawai Mansingh Stadium,Jaipur,2010-04-11,ODI
419151,Deccan Chargers,Royal Challengers Bangalore,"Vidarbha Cricket Association Stadium, Jamtha",Nagpur,2010-04-12,ODI
419152,Mumbai Indians,Delhi Daredevils,Brabourne Stadium,Mumbai,2010-04-13,ODI
419153,Chennai Super Kings,Kolkata Knight Riders,"MA Chidambaram Stadium, Chepauk",Chennai,2010-04-13,ODI
419154,Rajasthan Royals,Royal Challengers Bangalore,Sawai Mansingh Stadium,Jaipur,2010-04-14,ODI
419155,Chennai Super Kings,Delhi Daredevils,"MA Chidambaram Stadium, Chepauk",Chennai,2010-04-15,ODI
419156,Kings XI Punjab,Deccan Chargers,Himachal Pradesh Cricket Association Stadium,Dharamsala,2010-04-16,ODI
419157,Royal Challengers Bangalore,Mumbai Indians,M Chinnaswamy Stadium,Bangalore,2010-04-17,ODI
419158,Kolkata Knight Riders,Rajasthan Royals,Eden Gardens,Kolkata,2010-04-17,ODI
419159,Kings XI Punjab,Chennai Super Kings,Himachal Pradesh Cricket Association Stadium,Dharamsala,2010-04-18,ODI
419160,Delhi Daredevils,Deccan Chargers,Feroz Shah Kotla,Delhi,2010-04-18,ODI
419161,Kolkata Knight Riders,Mumbai Indians,Eden Gardens,Kolkata,2010-04-19,ODI
419162,Royal Challengers Bangalore,Mumbai Indians,Dr DY Patil Sports Academy,Mumbai,2010-04-21,ODI
419163,Chennai Super Kings,Deccan Chargers,Dr DY Patil Sports Academy,Mumbai,2010-04-22,ODI
419164,Royal Challengers Bangalore,Deccan Chargers,Dr DY Patil Sports Academy,Mumbai,2010-04-24,ODI
419165,Chennai Super Kings,Mumbai Indians,Dr DY Patil Sports Academy,Mumbai,2010-04-25,ODI
501198,Chennai Super Kings,Kolkata Knight Riders,"MA Chidambaram Stadium, Chepauk",Chennai,2011-04-08,ODI
501199,Deccan Chargers,Rajasthan Royals,"Rajiv Gandhi International Stadium, Uppal",Hyderabad,2011-04-09,ODI
501200,Kochi Tuskers Kerala,Royal Challengers Bangalore,Nehru Stadium,Kochi,2011-04-09,ODI
501201,Delhi Daredevils,Mumbai Indians,Feroz Shah Kotla,Delhi,2011-04-10,ODI
501202,Pune Warriors,Kings XI Punjab,Dr DY Patil Sports Academy,Mumbai,2011-04-10,ODI
501203,Kolkata Knight Riders,Deccan Chargers,Eden Gardens,Kolkata,2011-04-11,ODI
501204,Rajasthan Royals,Delhi Daredevils,Sawai Mansingh Stadium,Jaipur,2011-04-12,ODI
501205,Royal Challengers Bangalore,Mumbai Indians,M Chinnaswamy Stadium,Bangalore,2011-04-12,ODI
501206,Kings XI Punjab,Chennai Super Kings,"Punjab Cricket Association Stadium, Mohali",Chandigarh,2011-04-13,ODI
501207,Pune Warriors,Kochi Tuskers Kerala,Dr DY Patil Sports Academy,Mumbai,2011-04-13,ODI
501208,Deccan Chargers,Royal Challengers Bangalore,"Rajiv Gandhi International Stadium, Uppal",Hyderabad,2011-04-14,ODI
501209,Rajasthan Royals,Kolkata Knight Riders,Sawai Mansingh Stadium,Jaipur,2011-04-15,ODI
501210,Mumbai Indians,Kochi Tuskers Kerala,Wankhede Stadium,Mumbai,2011-04-15,ODI
501211,Chennai Super Kings,Royal Challengers Bangalore,"MA Chidambaram Stadium, Chepauk",Chennai,2011-04-16,ODI
501212,Deccan Chargers,Kings XI Punjab,"Rajiv Gandhi International Stadium, Uppal",Hyderabad,2011-04-16,ODI
501213,Pune Warriors,Delhi Daredevils,Dr DY Patil Sports Academy,Mumbai,2011-04-17,ODI
501214,Kolkata Knight Riders,Rajasthan Royals,Eden Gardens,Kolkata,2011-04-17,ODI
501215,Kochi Tuskers Kerala,Chennai Super Kings,Nehru Stadium,Kochi,2011-04-18,ODI
501216,Delhi Daredevils,Deccan Chargers,Feroz Shah Kotla,Delhi,2011-04-19,ODI
501218,Mumbai Indians,Pune Warriors,Wankhede Stadium,Mumbai,2011-04-20,ODI
501219,Kolkata Knight Riders,Kochi Tuskers Kerala,Eden Gardens,Kolkata,2011-04-20,ODI
501220,Kings XI Punjab,Rajasthan Royals,"Punjab Cricket Association Stadium, Mohali",Chandigarh,2011-04-21,ODI
501221,Mumbai Indians,Chennai Super Kings,Wankhede Stadium,Mumbai,2011-04-22,ODI
501222,Kolkata Knight Riders,Royal Challengers Bangalore,Eden Gardens,Kolkata,2011-04-22,ODI
501223,Delhi Daredevils,Kings XI Punjab,Feroz Shah Kotla,Delhi,2011-04-23,ODI
501224,Deccan Chargers,Mumbai Indians,"Rajiv Gandhi International Stadium, Uppal",Hyderabad,2011-04-24,ODI
501225,Rajasthan Royals,Kochi Tuskers Kerala,Sawai Mansingh Stadium,Jaipur,2011-04-24,ODI
501226,Chennai Super Kings,Pune Warriors,"MA Chidambaram Stadium, Chepauk",Chennai,2011-04-25,ODI
501227,Delhi Daredevils,Royal Challengers Bangalore,Feroz Shah Kotla,Delhi,2011-04-26,ODI
501228,Pune Warriors,Chennai Super Kings,Dr DY Patil Sports Academy,Mumbai,2011-04-27,ODI
501229,Kochi Tuskers Kerala,Deccan Chargers,Nehru Stadium,Kochi,2011-04-27,ODI
501230,Delhi Daredevils,Kolkata Knight Riders,Feroz Shah Kotla,Delhi,2011-04-28,ODI
501231,Rajasthan Royals,Mumbai Indians,Sawai Mansingh Stadium,Jaipur,2011-04-29,ODI
501232,Royal Challengers Bangalore,Pune Warriors,M Chinnaswamy Stadium,Bangalore,2011-04-29,ODI
501233,Kochi Tuskers Kerala,Delhi Daredevils,Nehru Stadium,Kochi,2011-04-30,ODI
501234,Kolkata Knight Riders,Kings XI Punjab,Eden Gardens,Kolkata,2011-04-30,ODI
501235,Rajasthan Royals,Pune Warriors,Sawai Mansingh Stadium,Jaipur,2011-05-01,ODI
501236,Chennai Super Kings,Deccan Chargers,"MA Chidambaram Stadium, Chepauk",Chennai,2011-05-01,ODI
501237,Mumbai Indians,Kings XI Punjab,Wankhede Stadium,Mumbai,2011-05-02,ODI
501238,Delhi Daredevils,Kochi Tuskers Kerala,Feroz Shah Kotla,Delhi,2011-05-02,ODI
501239,Deccan Chargers,Kolkata Knight Riders,"Rajiv Gandhi International Stadium, Uppal",Hyderabad,2011-05-03,ODI
501240,Chennai Super Kings,Rajasthan Royals,"MA Chidambaram Stadium, Chepauk",Chennai,2011-05-04,ODI
501241,Pune Warriors,Mumbai Indians,Dr DY Patil Sports Academy,Mumbai,2011-05-04,ODI
501242,Kochi Tuskers Kerala,Kolkata Knight Riders,Nehru Stadium,Kochi,2011-05-05,ODI
501243,Deccan Chargers,Delhi Daredevils,"Rajiv Gandhi International Stadium, Uppal",Hyderabad,2011-05-05,ODI
501244,Royal Challengers Bangalore,Kings XI Punjab,M Chinnaswamy Stadium,Bangalore,2011-05-06,ODI
501245,Kolkata Knight Riders,Chennai Super Kings,Eden Gardens,Kolkata,2011-05-07,ODI
501246,Mumbai Indians,Delhi Daredevils,Wankhede Stadium,Mumbai,2011-05-07,ODI
501247,Royal Challengers Bangalore,Kochi Tuskers Kerala,M Chinnaswamy Stadium,Bangalore,2011-05-08,ODI
501248,Kings XI Punjab,Pune Warriors,"Punjab Cricket Association Stadium, Mohali",Chandigarh,2011-05-08,ODI
501249,Rajasthan Royals,Chennai Super Kings,Sawai Mansingh Stadium,Jaipur,2011-05-09,ODI
501250,Deccan Chargers,Pune Warriors,"Rajiv Gandhi International Stadium, Uppal",Hyderabad,2011-05-10,ODI
501251,Kings XI Punjab,Mumbai Indians,"Punjab Cricket Association Stadium, Mohali",Chandigarh,2011-05-10,ODI
501252,Rajasthan Royals,Royal Challengers Bangalore,Sawai Mansingh Stadium,Jaipur,2011-05-11,ODI
501253,Chennai Super Kings,Delhi Daredevils,"MA Chidambaram Stadium, Chepauk",Chennai,2011-05-12,ODI
501254,Kochi Tuskers Kerala,Kings XI Punjab,Holkar Cricket Stadium,Indore,2011-05-13,ODI
501255,Royal Challengers Bangalore,Kolkata Knight Riders,M Chinnaswamy Stadium,Bangalore,2011-05-14,ODI
501256,Mumbai Indians,Deccan Chargers,Wankhede Stadium,Mumbai,2011-05-14,ODI
501257,Kings XI Punjab,Delhi Daredevils,Himachal Pradesh Cricket Association Stadium,Dharamsala,2011-05-15,ODI
501258,Kochi Tuskers Kerala,Rajasthan Royals,Holkar Cricket Stadium,Indore,2011-05-15,ODI
501259,Pune Warriors,Deccan Chargers,Dr DY Patil Sports Academy,Mumbai,2011-05-16,ODI
501260,Kings XI Punjab,Royal Challengers Bangalore,Himachal Pradesh Cricket Association Stadium,Dharamsala,2011-05-17,ODI
501261,Chennai Super Kings,Kochi Tuskers Kerala,"MA Chidambaram Stadium, Chepauk",Chennai,2011-05-18,ODI
501262,Pune Warriors,Kolkata Knight Riders,Dr DY Patil Sports Academy,Mumbai,2011-05-19,ODI
501263,Mumbai Indians,Rajasthan Royals,Wankhede Stadium,Mumbai,2011-05-20,ODI
501264,Kings XI Punjab,Deccan Chargers,Himachal Pradesh Cricket Association Stadium,Dharamsala,2011-05-21,ODI
501265,Delhi Daredevils,Pune Warriors,Feroz Shah Kotla,Delhi,2011-05-21,ODI
501266,Royal Challengers Bangalore,Chennai Super Kings,M Chinnaswamy Stadium,Bangalore,2011-05-22,ODI
501267,Kolkata Knight Riders,Mumbai Indians,Eden Gardens,Kolkata,2011-05-22,ODI
501268,Royal Challengers Bangalore,Chennai Super Kings,Wankhede Stadium,Mumbai,2011-05-24,ODI
501269,Mumbai Indians,Kolkata Knight Riders,Wankhede Stadium,Mumbai,2011-05-25,ODI
501270,Royal Challengers Bangalore,Mumbai Indians,"MA Chidambaram Stadium, Chepauk",Chennai,2011-05-27,ODI
501271,Chennai Super Kings,Royal Challengers Bangalore,"MA Chidambaram Stadium, Chepauk",Chennai,2011-05-28,ODI
548306,Chennai Super Kings,Mumbai Indians,"MA Chidambaram Stadium, Chepauk",Chennai,2012-04-04,ODI
548307,Kolkata Knight Riders,Delhi Daredevils,Eden Gardens,Kolkata,2012-04-05,ODI
548308,Mumbai Indians,Pune Warriors,Wankhede Stadium,Mumbai,2012-04-06,ODI
548309,Rajasthan Royals,Kings XI Punjab,Sawai Mansingh Stadium,Jaipur,2012-04-06,ODI
548310,Royal Challengers Bangalore,Delhi Daredevils,M Chinnaswamy Stadium,Bangalore,2012-04-07,ODI
548311,Deccan Chargers,Chennai Super Kings,Dr. Y.S. Rajasekhara Reddy ACA-VDCA Cricket Stadium,Visakhapatnam,2012-04-07,ODI
548312,Rajasthan Royals,Kolkata Knight Riders,Sawai Mansingh Stadium,Jaipur,2012-04-08,ODI
548313,Pune Warriors,Kings XI Punjab,Subrata Roy Sahara Stadium,Pune,2012-04-08,ODI
548314,Deccan Chargers,Mumbai Indians,Dr. Y.S. Rajasekhara Reddy ACA-VDCA Cricket Stadium,Visakhapatnam,2012-04-09,ODI
548315,Royal Challengers Bangalore,Kolkata Knight Riders,M Chinnaswamy Stadium,Bangalore,2012-04-10,ODI
548316,Delhi Daredevils,Chennai Super Kings,Feroz Shah Kotla,Delhi,2012-04-10,ODI
548317,Mumbai Indians,Rajasthan Royals,Wankhede Stadium,Mumbai,2012-04-11,ODI
548318,Chennai Super Kings,Royal Challengers Bangalore,"MA Chidambaram Stadium, Chepauk",Chennai,2012-04-12,ODI
548319,Kings XI Punjab,Pune Warriors,"Punjab Cricket Association Stadium, Mohali",Chandigarh,2012-04-12,ODI
548320,Kolkata Knight Riders,Rajasthan Royals,Eden Gardens,Kolkata,2012-04-13,ODI
548321,Delhi Daredevils,Deccan Chargers,Feroz Shah Kotla,Delhi,2012-04-19,ODI
548322,Pune Warriors,Chennai Super Kings,Subrata Roy Sahara Stadium,Pune,2012-04-14,ODI
548323,Kolkata Knight Riders,Kings XI Punjab,Eden Gardens,Kolkata,2012-04-15,ODI
548324,Royal Challengers Bangalore,Rajasthan Royals,M Chinnaswamy Stadium,Bangalore,2012-04-15,ODI
548325,Mumbai Indians,Delhi Daredevils,Wankhede Stadium,Mumbai,2012-04-16,ODI
548326,Rajasthan Royals,Deccan Chargers,Sawai Mansingh Stadium,Jaipur,2012-04-17,ODI
548327,Royal Challengers Bangalore,Pune Warriors,M Chinnaswamy Stadium,Bangalore,2012-04-17,ODI
548328,Kings XI Punjab,Kolkata Knight Riders,"Punjab Cricket Association Stadium, Mohali",Chandigarh,2012-04-18,ODI
548329,Deccan Chargers,Delhi Daredevils,"Rajiv Gandhi International Stadium, Uppal",Hyderabad,2012-05-10,ODI
548330,Chennai Super Kings,Pune Warriors,"MA Chidambaram Stadium, Chepauk",Chennai,2012-04-19,ODI
548331,Kings XI Punjab,Royal Challengers Bangalore,"Punjab Cricket Association Stadium, Mohali",Chandigarh,2012-04-20,ODI
548332,Chennai Super Kings,Rajasthan Royals,"MA Chidambaram Stadium, Chepauk",Chennai,2012-04-21,ODI
548333,Delhi Daredevils,Pune Warriors,Feroz Shah Kotla,Delhi,2012-04-21,ODI
548334,Mumbai Indians,Kings XI Punjab,Wankhede Stadium,Mumbai,2012-04-22,ODI
548335,Deccan Chargers,Kolkata Knight Riders,Barabati Stadium,Cuttack,2012-04-22,ODI
548336,Rajasthan Royals,Royal Challengers Bangalore,Sawai Mansingh Stadium,Jaipur,2012-04-23,ODI
548337,Pune Warriors,Delhi Daredevils,Subrata Roy Sahara Stadium,Pune,2012-04-24,ODI
548339,Kings XI Punjab,Mumbai Indians,"Punjab Cricket Association Stadium, Mohali",Chandigarh,2012-04-25,ODI
548341,Pune Warriors,Deccan Chargers,Subrata Roy Sahara Stadium,Pune,2012-04-26,ODI
548342,Delhi Daredevils,Mumbai Indians,Feroz Shah Kotla,Delhi,2012-04-27,ODI
548343,Chennai Super Kings,Kings XI Punjab,"MA Chidambaram Stadium, Chepauk",Chennai,2012-04-28,ODI
548344,Kolkata Knight Riders,Royal Challengers Bangalore,Eden Gardens,Kolkata,2012-04-28,ODI
548345,Delhi Daredevils,Rajasthan Royals,Feroz Shah Kotla,Delhi,2012-04-29,ODI
548346,Mumbai Indians,Deccan Chargers,Wankhede Stadium,Mumbai,2012-04-29,ODI
548347,Chennai Super Kings,Kolkata Knight Riders,"MA Chidambaram Stadium, Chepauk",Chennai,2012-04-30,ODI
548348,Deccan Chargers,Pune Warriors,Barabati Stadium,Cuttack,2012-05-01,ODI
548349,Rajasthan Royals,Delhi Daredevils,Sawai Mansingh Stadium,Jaipur,2012-05-01,ODI
548350,Royal Challengers Bangalore,Kings XI Punjab,M Chinnaswamy Stadium,Bangalore,2012-05-02,ODI
548351,Pune Warriors,Mumbai Indians,Subrata Roy Sahara Stadium,Pune,2012-05-03,ODI
548352,Chennai Super Kings,Deccan Chargers,"MA Chidambaram Stadium, Chepauk",Chennai,2012-05-04,ODI
548353,Kolkata Knight Riders,Pune Warriors,Eden Gardens,Kolkata,2012-05-05,ODI
548354,Kings XI Punjab,Rajasthan Royals,"Punjab Cricket Association Stadium, Mohali",Chandigarh,2012-05-05,ODI
548355,Mumbai Indians,Chennai Super Kings,Wankhede Stadium,Mumbai,2012-05-06,ODI
548356,Royal Challengers Bangalore,Deccan Chargers,M Chinnaswamy Stadium,Bangalore,2012-05-06,ODI
548357,Delhi Daredevils,Kolkata Knight Riders,Feroz Shah Kotla,Delhi,2012-05-07,ODI
548358,Pune Warriors,Rajasthan Royals,Subrata Roy Sahara Stadium,Pune,2012-05-08,ODI
548359,Deccan Chargers,Kings XI Punjab,"Rajiv Gandhi International Stadium, Uppal",Hyderabad,2012-05-08,ODI
548360,Mumbai Indians,Royal Challengers Bangalore,Wankhede Stadium,Mumbai,2012-05-09,ODI
548361,Rajasthan Royals,Chennai Super Kings,Sawai Mansingh Stadium,Jaipur,2012-05-10,ODI
548362,Pune Warriors,Royal Challengers Bangalore,Subrata Roy Sahara Stadium,Pune,2012-05-11,ODI
548363,Kolkata Knight Riders,Mumbai Indians,Eden Gardens,Kolkata,2012-05-12,ODI
548364,Chennai Super Kings,Delhi Daredevils,"MA Chidambaram Stadium, Chepauk",Chennai,2012-05-12,ODI
548365,Rajasthan Royals,Pune Warriors,Sawai Mansingh Stadium,Jaipur,2012-05-13,ODI
548366,Kings XI Punjab,Deccan Chargers,"Punjab Cricket Association Stadium, Mohali",Chandigarh,2012-05-13,ODI
548367,Royal Challengers Bangalore,Mumbai Indians,M Chinnaswamy Stadium,Bangalore,2012-05-14,ODI
548368,Kolkata Knight Riders,Chennai Super Kings,Eden Gardens,Kolkata,2012-05-14,ODI
548369,Delhi Daredevils,Kings XI Punjab,Feroz Shah Kotla,Delhi,2012-05-15,ODI
548370,Mumbai Indians,Kolkata Knight Riders,Wankhede Stadium,Mumbai,2012-05-16,ODI
548371,Kings XI Punjab,Chennai Super Kings,Himachal Pradesh Cricket Association Stadium,Dharamsala,2012-05-17,ODI
548372,Delhi Daredevils,Royal Challengers Bangalore,Feroz Shah Kotla,Delhi,2012-05-17,ODI
548373,Deccan Chargers,Rajasthan Royals,"Rajiv Gandhi International Stadium, Uppal",Hyderabad,2012-05-18,ODI
548374,Kings XI Punjab,Delhi Daredevils,Himachal Pradesh Cricket Association Stadium,Dharamsala,2012-05-19,ODI
548375,Pune Warriors,Kolkata Knight Riders,Subrata Roy Sahara Stadium,Pune,2012-05-19,ODI
548376,Deccan Chargers,Royal Challengers Bangalore,"Rajiv Gandhi International Stadium, Uppal",Hyderabad,2012-05-20,ODI
548377,Rajasthan Royals,Mumbai Indians,Sawai Mansingh Stadium,Jaipur,2012-05-20,ODI
548378,Delhi Daredevils,Kolkata Knight Riders,Subrata Roy Sahara Stadium,Pune,2012-05-22,ODI
548379,Chennai Super Kings,Mumbai Indians,M Chinnaswamy Stadium,Bangalore,2012-05-23,ODI
548380,Delhi Daredevils,Chennai Super Kings,"MA Chidambaram Stadium, Chepauk",Chennai,2012-05-25,ODI
548381,Kolkata Knight Riders,Chennai Super Kings,"MA Chidambaram Stadium, Chepauk",Chennai,2012-05-27,ODI
597998,Kolkata Knight Riders,Delhi Daredevils,Eden Gardens,Kolkata,2013-04-03,ODI
597999,Royal Challengers Bangalore,Mumbai Indians,M Chinnaswamy Stadium,Bangalore,2013-04-04,ODI
598000,Sunrisers Hyderabad,Pune Warriors,"Rajiv Gandhi International Stadium, Uppal",Hyderabad,2013-04-05,ODI
598001,Delhi Daredevils,Rajasthan Royals,Feroz Shah Kotla,Delhi,2013-04-06,ODI
598002,Chennai Super Kings,Mumbai Indians,"MA Chidambaram Stadium, Chepauk",Chennai,2013-04-06,ODI
598003,Pune Warriors,Kings XI Punjab,Subrata Roy Sahara Stadium,Pune,2013-04-07,ODI
598004,Sunrisers Hyderabad,Royal Challengers Bangalore,"Rajiv Gandhi International Stadium, Uppal",Hyderabad,2013-04-07,ODI
598005,Rajasthan Royals,Kolkata Knight Riders,Sawai Mansingh Stadium,Jaipur,2013-04-08,ODI
598006,Mumbai Indians,Delhi Daredevils,Wankhede Stadium,Mumbai,2013-04-09,ODI
598007,Kings XI Punjab,Chennai Super Kings,"Punjab Cricket Association Stadium, Mohali",Chandigarh,2013-04-10,ODI
598008,Royal Challengers Bangalore,Kolkata Knight Riders,M Chinnaswamy Stadium,Bangalore,2013-04-11,ODI
598009,Pune Warriors,Rajasthan Royals,Subrata Roy Sahara Stadium,Pune,2013-04-11,ODI
598010,Delhi Daredevils,Sunrisers Hyderabad,Feroz Shah Kotla,Delhi,2013-04-12,ODI
598011,Mumbai Indians,Pune Warriors,Wankhede Stadium,Mumbai,2013-04-13,ODI
598012,Chennai Super Kings,Royal Challengers Bangalore,"MA Chidambaram Stadium, Chepauk",Chennai,2013-04-13,ODI
598013,Kolkata Knight Riders,Sunrisers Hyderabad,Eden Gardens,Kolkata,2013-04-14,ODI
598014,Rajasthan Royals,Kings XI Punjab,Sawai Mansingh Stadium,Jaipur,2013-04-14,ODI
598015,Chennai Super Kings,Pune Warriors,"MA Chidambaram Stadium, Chepauk",Chennai,2013-04-15,ODI
598016,Kings XI Punjab,Kolkata Knight Riders,"Punjab Cricket Association Stadium, Mohali",Chandigarh,2013-04-16,ODI
598017,Royal Challengers Bangalore,Delhi Daredevils,M Chinnaswamy Stadium,Bangalore,2013-04-16,ODI
598018,Pune Warriors,Sunrisers Hyderabad,Maharashtra Cricket Association Stadium,Pune,2013-04-17,ODI
598019,Rajasthan Royals,Mumbai Indians,Sawai Mansingh Stadium,Jaipur,2013-04-17,ODI
598020,Delhi Daredevils,Chennai Super Kings,Feroz Shah Kotla,Delhi,2013-04-18,ODI
598021,Sunrisers Hyderabad,Kings XI Punjab,"Rajiv Gandhi International Stadium, Uppal",Hyderabad,2013-04-19,ODI
598022,Kolkata Knight Riders,Chennai Super Kings,Eden Gardens,Kolkata,2013-04-20,ODI
598023,Royal Challengers Bangalore,Rajasthan Royals,M Chinnaswamy Stadium,Bangalore,2013-04-20,ODI
598024,Delhi Daredevils,Mumbai Indians,Feroz Shah Kotla,Delhi,2013-04-21,ODI
598025,Kings XI Punjab,Pune Warriors,"Punjab Cricket Association Stadium, Mohali",Chandigarh,2013-04-21,ODI
598026,Chennai Super Kings,Rajasthan Royals,"MA Chidambaram Stadium, Chepauk",Chennai,2013-04-22,ODI
598027,Royal Challengers Bangalore,Pune Warriors,M Chinnaswamy Stadium,Bangalore,2013-04-23,ODI
598028,Kings XI Punjab,Delhi Daredevils,Himachal Pradesh Cricket Association Stadium,Dharamsala,2013-05-16,ODI
598029,Kolkata Knight Riders,Mumbai Indians,Eden Gardens,Kolkata,2013-04-24,ODI
598030,Chennai Super Kings,Sunrisers Hyderabad,"MA Chidambaram Stadium, Chepauk",Chennai,2013-04-25,ODI
598031,Kolkata Knight Riders,Kings XI Punjab,Eden Gardens,Kolkata,2013-04-26,ODI
598032,Rajasthan Royals,Sunrisers Hyderabad,Sawai Mansingh Stadium,Jaipur,2013-04-27,ODI
598033,Mumbai Indians,Royal Challengers Bangalore,Wankhede Stadium,Mumbai,2013-04-27,ODI
598034,Chennai Super Kings,Kolkata Knight Riders,"MA Chidambaram Stadium, Chepauk",Chennai,2013-04-28,ODI
598035,Delhi Daredevils,Pune Warriors,Shaheed Veer Narayan Singh International Stadium,Raipur,2013-04-28,ODI
598036,Rajasthan Royals,Royal Challengers Bangalore,Sawai Mansingh Stadium,Jaipur,2013-04-29,ODI
598037,Mumbai Indians,Kings XI Punjab,Wankhede Stadium,Mumbai,2013-04-29,ODI
598038,Pune Warriors,Chennai Super Kings,Subrata Roy Sahara Stadium,Pune,2013-04-30,ODI
598039,Sunrisers Hyderabad,Mumbai Indians,"Rajiv Gandhi International Stadium, Uppal",Hyderabad,2013-05-01,ODI
598040,Delhi Daredevils,Kolkata Knight Riders,Shaheed Veer Narayan Singh International Stadium,Raipur,2013-05-01,ODI
598041,Chennai Super Kings,Kings XI Punjab,"MA Chidambaram Stadium, Chepauk",Chennai,2013-05-02,ODI
598042,Pune Warriors,Royal Challengers Bangalore,Subrata Roy Sahara Stadium,Pune,2013-05-02,ODI
598043,Kolkata Knight Riders,Rajasthan Royals,Eden Gardens,Kolkata,2013-05-03,ODI
598044,Sunrisers Hyderabad,Delhi Daredevils,"Rajiv Gandhi International Stadium, Uppal",Hyderabad,2013-05-04,ODI
598045,Royal Challengers Bangalore,Kings XI Punjab,M Chinnaswamy Stadium,Bangalore,2013-05-14,ODI
598046,Mumbai Indians,Chennai Super Kings,Wankhede Stadium,Mumbai,2013-05-05,ODI
598047,Rajasthan Royals,Pune Warriors,Sawai Mansingh Stadium,Jaipur,2013-05-05,ODI
598048,Royal Challengers Bangalore,Sunrisers Hyderabad,M Chinnaswamy Stadium,Bangalore,2013-04-09,ODI
598049,Rajasthan Royals,Delhi Daredevils,Sawai Mansingh Stadium,Jaipur,2013-05-07,ODI
598050,Mumbai Indians,Kolkata Knight Riders,Wankhede Stadium,Mumbai,2013-05-07,ODI
598051,Sunrisers Hyderabad,Chennai Super Kings,"Rajiv Gandhi International Stadium, Uppal",Hyderabad,2013-05-08,ODI
598052,Kings XI Punjab,Rajasthan Royals,"Punjab Cricket Association Stadium, Mohali",Chandigarh,2013-05-09,ODI
598053,Pune Warriors,Kolkata Knight Riders,Subrata Roy Sahara Stadium,Pune,2013-05-09,ODI
598054,Delhi Daredevils,Royal Challengers Bangalore,Feroz Shah Kotla,Delhi,2013-05-10,ODI
598055,Pune Warriors,Mumbai Indians,Subrata Roy Sahara Stadium,Pune,2013-05-11,ODI
598056,Kings XI Punjab,Sunrisers Hyderabad,"Punjab Cricket Association Stadium, Mohali",Chandigarh,2013-05-11,ODI
598057,Kolkata Knight Riders,Royal Challengers Bangalore,JSCA International Stadium Complex,Ranchi,2013-05-12,ODI
598058,Rajasthan Royals,Chennai Super Kings,Sawai Mansingh Stadium,Jaipur,2013-05-12,ODI
598059,Delhi Daredevils,Kings XI Punjab,Feroz Shah Kotla,Delhi,2013-04-23,ODI
598060,Mumbai Indians,Sunrisers Hyderabad,Wankhede Stadium,Mumbai,2013-05-13,ODI
598061,Kolkata Knight Riders,Pune Warriors,JSCA International Stadium Complex,Ranchi,2013-05-15,ODI
598062,Chennai Super Kings,Delhi Daredevils,"MA Chidambaram Stadium, Chepauk",Chennai,2013-05-14,ODI
598063,Mumbai Indians,Rajasthan Royals,Wankhede Stadium,Mumbai,2013-05-15,ODI
598064,Kings XI Punjab,Royal Challengers Bangalore,"Punjab Cricket Association Stadium, Mohali",Chandigarh,2013-05-06,ODI
598065,Sunrisers Hyderabad,Rajasthan Royals,"Rajiv Gandhi International Stadium, Uppal",Hyderabad,2013-05-17,ODI
598066,Kings XI Punjab,Mumbai Indians,Himachal Pradesh Cricket Association Stadium,Dharamsala,2013-05-18,ODI
598067,Pune Warriors,Delhi Daredevils,Subrata Roy Sahara Stadium,Pune,2013-05-19,ODI
598068,Royal Challengers Bangalore,Chennai Super Kings,M Chinnaswamy Stadium,Bangalore,2013-05-18,ODI
598069,Sunrisers Hyderabad,Kolkata Knight Riders,"Rajiv Gandhi International Stadium, Uppal",Hyderabad,2013-05-19,ODI
598070,Chennai Super Kings,Mumbai Indians,Feroz Shah Kotla,Delhi,2013-05-21,ODI
598071,Rajasthan Royals,Sunrisers Hyderabad,Feroz Shah Kotla,Delhi,2013-05-22,ODI
598072,Mumbai Indians,Rajasthan Royals,Eden Gardens,Kolkata,2013-05-24,ODI
598073,Chennai Super Kings,Mumbai Indians,Eden Gardens,Kolkata,2013-05-26,ODI
729279,Mumbai Indians,Kolkata Knight Riders,Sheikh Zayed Stadium,Abu Dhabi,2014-04-16,ODI
729281,Delhi Daredevils,Royal Challengers Bangalore,Sharjah Cricket Stadium,Unknown,2014-04-17,ODI
729283,Chennai Super Kings,Kings XI Punjab,Sheikh Zayed Stadium,Abu Dhabi,2014-04-18,ODI
729285,Sunrisers Hyderabad,Rajasthan Royals,Sheikh Zayed Stadium,Abu Dhabi,2014-04-18,ODI
729287,Royal Challengers Bangalore,Mumbai Indians,Dubai International Cricket Stadium,Unknown,2014-04-19,ODI
729289,Kolkata Knight Riders,Delhi Daredevils,Dubai International Cricket Stadium,Unknown,2014-04-19,ODI
729291,Rajasthan Royals,Kings XI Punjab,Sharjah Cricket Stadium,Unknown,2014-04-20,ODI
729293,Chennai Super Kings,Delhi Daredevils,Sheikh Zayed Stadium,Abu Dhabi,2014-04-21,ODI
729295,Kings XI Punjab,Sunrisers Hyderabad,Sharjah Cricket Stadium,Unknown,2014-04-22,ODI
729297,Rajasthan Royals,Chennai Super Kings,Dubai International Cricket Stadium,Unknown,2014-04-23,ODI
729299,Royal Challengers Bangalore,Kolkata Knight Riders,Sharjah Cricket Stadium,Unknown,2014-04-24,ODI
729301,Sunrisers Hyderabad,Delhi Daredevils,Dubai International Cricket Stadium,Unknown,2014-04-25,ODI
729303,Chennai Super Kings,Mumbai Indians,Dubai International Cricket Stadium,Unknown,2014-04-25,ODI
729305,Rajasthan Royals,Royal Challengers Bangalore,Sheikh Zayed Stadium,Abu Dhabi,2014-04-26,ODI
729307,Kolkata Knight Riders,Kings XI Punjab,Sheikh Zayed Stadium,Abu Dhabi,2014-04-26,ODI
729309,Delhi Daredevils,Mumbai Indians,Sharjah Cricket Stadium,Unknown,2014-04-27,ODI
729311,Sunrisers Hyderabad,Chennai Super Kings,Sharjah Cricket Stadium,Unknown,2014-04-27,ODI
729313,Kings XI Punjab,Royal Challengers Bangalore,Dubai International Cricket Stadium,Unknown,2014-04-28,ODI
729315,Kolkata Knight Riders,Rajasthan Royals,Sheikh Zayed Stadium,Abu Dhabi,2014-04-29,ODI
729317,Mumbai Indians,Sunrisers Hyderabad,Dubai International Cricket Stadium,Unknown,2014-04-30,ODI
733971,Chennai Super Kings,Kolkata Knight Riders,JSCA International Stadium Complex,Ranchi,2014-05-02,ODI
733973,Mumbai Indians,Kings XI Punjab,Wankhede Stadium,Mumbai,2014-05-03,ODI
733975,Delhi Daredevils,Rajasthan Royals,Feroz Shah Kotla,Delhi,2014-05-03,ODI
733977,Royal Challengers Bangalore,Sunrisers Hyderabad,M Chinnaswamy Stadium,Bangalore,2014-05-04,ODI
733979,Rajasthan Royals,Kolkata Knight Riders,"Sardar Patel Stadium, Motera",Ahmedabad,2014-05-05,ODI
733981,Delhi Daredevils,Chennai Super Kings,Feroz Shah Kotla,Delhi,2014-05-05,ODI
733983,Mumbai Indians,Royal Challengers Bangalore,Wankhede Stadium,Mumbai,2014-05-06,ODI
733985,Delhi Daredevils,Kolkata Knight Riders,Feroz Shah Kotla,Delhi,2014-05-07,ODI
733987,Kings XI Punjab,Chennai Super Kings,Barabati Stadium,Cuttack,2014-05-07,ODI
733989,Rajasthan Royals,Sunrisers Hyderabad,"Sardar Patel Stadium, Motera",Ahmedabad,2014-05-08,ODI
733991,Royal Challengers Bangalore,Kings XI Punjab,M Chinnaswamy Stadium,Bangalore,2014-05-09,ODI
733993,Delhi Daredevils,Sunrisers Hyderabad,Feroz Shah Kotla,Delhi,2014-05-10,ODI
733995,Mumbai Indians,Chennai Super Kings,Wankhede Stadium,Mumbai,2014-05-10,ODI
733997,Kings XI Punjab,Kolkata Knight Riders,Barabati Stadium,Cuttack,2014-05-11,ODI
733999,Royal Challengers Bangalore,Rajasthan Royals,M Chinnaswamy Stadium,Bangalore,2014-05-11,ODI
734001,Sunrisers Hyderabad,Mumbai Indians,"Rajiv Gandhi International Stadium, Uppal",Hyderabad,2014-05-12,ODI
734003,Chennai Super Kings,Rajasthan Royals,JSCA International Stadium Complex,Ranchi,2014-05-13,ODI
734005,Royal Challengers Bangalore,Delhi Daredevils,M Chinnaswamy Stadium,Bangalore,2014-05-13,ODI
734007,Sunrisers Hyderabad,Kings XI Punjab,"Rajiv Gandhi International Stadium, Uppal",Hyderabad,2014-05-14,ODI
734009,Kolkata Knight Riders,Mumbai Indians,Barabati Stadium,Cuttack,2014-05-14,ODI
734011,Rajasthan Royals,Delhi Daredevils,"Sardar Patel Stadium, Motera",Ahmedabad,2014-05-15,ODI
734013,Chennai Super Kings,Royal Challengers Bangalore,JSCA International Stadium Complex,Ranchi,2014-05-18,ODI
734015,Sunrisers Hyderabad,Kolkata Knight Riders,"Rajiv Gandhi International Stadium, Uppal",Hyderabad,2014-05-18,ODI
734017,Rajasthan Royals,Mumbai Indians,"Sardar Patel Stadium, Motera",Ahmedabad,2014-05-19,ODI
734019,Delhi Daredevils,Kings XI Punjab,Feroz Shah Kotla,Delhi,2014-05-19,ODI
734021,Sunrisers Hyderabad,Royal Challengers Bangalore,"Rajiv Gandhi International Stadium, Uppal",Hyderabad,2014-05-20,ODI
734023,Kolkata Knight Riders,Chennai Super Kings,Eden Gardens,Kolkata,2014-05-20,ODI
734025,Kings XI Punjab,Mumbai Indians,"Punjab Cricket Association Stadium, Mohali",Chandigarh,2014-05-21,ODI
734027,Kolkata Knight Riders,Royal Challengers Bangalore,Eden Gardens,Kolkata,2014-05-22,ODI
734029,Chennai Super Kings,Sunrisers Hyderabad,JSCA International Stadium Complex,Ranchi,2014-05-22,ODI
734031,Mumbai Indians,Delhi Daredevils,Wankhede Stadium,Mumbai,2014-05-23,ODI
734033,Kings XI Punjab,Rajasthan Royals,"Punjab Cricket Association Stadium, Mohali",Chandigarh,2014-05-23,ODI
734035,Royal Challengers Bangalore,Chennai Super Kings,M Chinnaswamy Stadium,Bangalore,2014-05-24,ODI
734037,Kolkata Knight Riders,Sunrisers Hyderabad,Eden Gardens,Kolkata,2014-05-24,ODI
734039,Kings XI Punjab,Delhi Daredevils,"Punjab Cricket Association Stadium, Mohali",Chandigarh,2014-05-25,ODI
734041,Mumbai Indians,Rajasthan Royals,Wankhede Stadium,Mumbai,2014-05-25,ODI
734043,Kings XI Punjab,Kolkata Knight Riders,Eden Gardens,Kolkata,2014-05-27,ODI
734045,Chennai Super Kings,Mumbai Indians,Brabourne Stadium,Mumbai,2014-05-28,ODI
734047,Chennai Super Kings,Kings XI Punjab,Wankhede Stadium,Mumbai,2014-05-30,ODI
734049,Kolkata Knight Riders,Kings XI Punjab,M Chinnaswamy Stadium,Bangalore,2014-06-01,ODI
829705,Kolkata Knight Riders,Mumbai Indians,Eden Gardens,Kolkata,2015-04-08,ODI
829707,Chennai Super Kings,Delhi Daredevils,"MA Chidambaram Stadium, Chepauk",Chennai,2015-04-09,ODI
829709,Kings XI Punjab,Rajasthan Royals,Maharashtra Cricket Association Stadium,Pune,2015-04-10,ODI
829711,Chennai Super Kings,Sunrisers Hyderabad,"MA Chidambaram Stadium, Chepauk",Chennai,2015-04-11,ODI
829713,Kolkata Knight Riders,Royal Challengers Bangalore,Eden Gardens,Kolkata,2015-04-11,ODI
829715,Delhi Daredevils,Rajasthan Royals,Feroz Shah Kotla,Delhi,2015-04-12,ODI
829717,Mumbai Indians,Kings XI Punjab,Wankhede Stadium,Mumbai,2015-04-12,ODI
829719,Royal Challengers Bangalore,Sunrisers Hyderabad,M Chinnaswamy Stadium,Bangalore,2015-04-13,ODI
829721,Rajasthan Royals,Mumbai Indians,"Sardar Patel Stadium, Motera",Ahmedabad,2015-04-14,ODI
829723,Kolkata Knight Riders,Chennai Super Kings,Eden Gardens,Kolkata,2015-04-30,ODI
829725,Kings XI Punjab,Delhi Daredevils,Maharashtra Cricket Association Stadium,Pune,2015-04-15,ODI
829727,Sunrisers Hyderabad,Rajasthan Royals,Dr. Y.S. Rajasekhara Reddy ACA-VDCA Cricket Stadium,Visakhapatnam,2015-04-16,ODI
829729,Mumbai Indians,Chennai Super Kings,Wankhede Stadium,Mumbai,2015-04-17,ODI
829731,Sunrisers Hyderabad,Delhi Daredevils,Dr. Y.S. Rajasekhara Reddy ACA-VDCA Cricket Stadium,Visakhapatnam,2015-04-18,ODI
829733,Kings XI Punjab,Kolkata Knight Riders,Maharashtra Cricket Association Stadium,Pune,2015-04-18,ODI
829735,Rajasthan Royals,Chennai Super Kings,"Sardar Patel Stadium, Motera",Ahmedabad,2015-04-19,ODI
829737,Royal Challengers Bangalore,Mumbai Indians,M Chinnaswamy Stadium,Bangalore,2015-04-19,ODI
829739,Delhi Daredevils,Kolkata Knight Riders,Feroz Shah Kotla,Delhi,2015-04-20,ODI
829741,Rajasthan Royals,Kings XI Punjab,"Sardar Patel Stadium, Motera",Ahmedabad,2015-04-21,ODI
829743,Sunrisers Hyderabad,Kolkata Knight Riders,Dr. Y.S. Rajasekhara Reddy ACA-VDCA Cricket Stadium,Visakhapatnam,2015-04-22,ODI
829745,Royal Challengers Bangalore,Chennai Super Kings,M Chinnaswamy Stadium,Bangalore,2015-04-22,ODI
829747,Delhi Daredevils,Mumbai Indians,Feroz Shah Kotla,Delhi,2015-04-23,ODI
829749,Rajasthan Royals,Royal Challengers Bangalore,"Sardar Patel Stadium, Motera",Ahmedabad,2015-04-24,ODI
829751,Mumbai Indians,Sunrisers Hyderabad,Wankhede Stadium,Mumbai,2015-04-25,ODI
829753,Chennai Super Kings,Kings XI Punjab,"MA Chidambaram Stadium, Chepauk",Chennai,2015-04-25,ODI
829757,Delhi Daredevils,Royal Challengers Bangalore,Feroz Shah Kotla,Delhi,2015-04-26,ODI
829759,Kings XI Punjab,Sunrisers Hyderabad,"Punjab Cricket Association Stadium, Mohali",Chandigarh,2015-04-27,ODI
829761,Kolkata Knight Riders,Delhi Daredevils,Eden Gardens,Kolkata,2015-05-07,ODI
829763,Royal Challengers Bangalore,Rajasthan Royals,M Chinnaswamy Stadium,Bangalore,2015-04-29,ODI
829765,Chennai Super Kings,Kolkata Knight Riders,"MA Chidambaram Stadium, Chepauk",Chennai,2015-04-28,ODI
829767,Delhi Daredevils,Kings XI Punjab,Feroz Shah Kotla,Delhi,2015-05-01,ODI
829769,Mumbai Indians,Rajasthan Royals,Wankhede Stadium,Mumbai,2015-05-01,ODI
829771,Royal Challengers Bangalore,Kolkata Knight Riders,M Chinnaswamy Stadium,Bangalore,2015-05-02,ODI
829773,Sunrisers Hyderabad,Chennai Super Kings,"Rajiv Gandhi International Stadium, Uppal",Hyderabad,2015-05-02,ODI
829775,Kings XI Punjab,Mumbai Indians,"Punjab Cricket Association Stadium, Mohali",Chandigarh,2015-05-03,ODI
829777,Rajasthan Royals,Delhi Daredevils,Brabourne Stadium,Mumbai,2015-05-03,ODI
829779,Chennai Super Kings,Royal Challengers Bangalore,"MA Chidambaram Stadium, Chepauk",Chennai,2015-05-04,ODI
829781,Kolkata Knight Riders,Sunrisers Hyderabad,Eden Gardens,Kolkata,2015-05-04,ODI
829783,Mumbai Indians,Delhi Daredevils,Wankhede Stadium,Mumbai,2015-05-05,ODI
829785,Royal Challengers Bangalore,Kings XI Punjab,M Chinnaswamy Stadium,Bangalore,2015-05-06,ODI
829787,Rajasthan Royals,Sunrisers Hyderabad,Brabourne Stadium,Mumbai,2015-05-07,ODI
829789,Chennai Super Kings,Mumbai Indians,"MA Chidambaram Stadium, Chepauk",Chennai,2015-05-08,ODI
829791,Kolkata Knight Riders,Kings XI Punjab,Eden Gardens,Kolkata,2015-05-09,ODI
829793,Delhi Daredevils,Sunrisers Hyderabad,Shaheed Veer Narayan Singh International Stadium,Raipur,2015-05-09,ODI
829795,Mumbai Indians,Royal Challengers Bangalore,Wankhede Stadium,Mumbai,2015-05-10,ODI
829797,Chennai Super Kings,Rajasthan Royals,"MA Chidambaram Stadium, Chepauk",Chennai,2015-05-10,ODI
829799,Sunrisers Hyderabad,Kings XI Punjab,"Rajiv Gandhi International Stadium, Uppal",Hyderabad,2015-05-11,ODI
829801,Delhi Daredevils,Chennai Super Kings,Shaheed Veer Narayan Singh International Stadium,Raipur,2015-05-12,ODI
829803,Kings XI Punjab,Royal Challengers Bangalore,"Punjab Cricket Association Stadium, Mohali",Chandigarh,2015-05-13,ODI
829805,Mumbai Indians,Kolkata Knight Riders,Wankhede Stadium,Mumbai,2015-05-14,ODI
829807,Sunrisers Hyderabad,Royal Challengers Bangalore,"Rajiv Gandhi International Stadium, Uppal",Hyderabad,2015-05-15,ODI
829809,Kings XI Punjab,Chennai Super Kings,"Punjab Cricket Association Stadium, Mohali",Chandigarh,2015-05-16,ODI
829811,Rajasthan Royals,Kolkata Knight Riders,Brabourne Stadium,Mumbai,2015-05-16,ODI
829813,Royal Challengers Bangalore,Delhi Daredevils,M Chinnaswamy Stadium,Bangalore,2015-05-17,ODI
829815,Sunrisers Hyderabad,Mumbai Indians,"Rajiv Gandhi International Stadium, Uppal",Hyderabad,2015-05-17,ODI
829817,Chennai Super Kings,Mumbai Indians,Wankhede Stadium,Mumbai,2015-05-19,ODI
829819,Royal Challengers Bangalore,Rajasthan Royals,Maharashtra Cricket Association Stadium,Pune,2015-05-20,ODI
829821,Chennai Super Kings,Royal Challengers Bangalore,JSCA International Stadium Complex,Ranchi,2015-05-22,ODI
829823,Mumbai Indians,Chennai Super Kings,Eden Gardens,Kolkata,2015-05-24,ODI
980901,Mumbai Indians,Rising Pune Supergiants,Wankhede Stadium,Mumbai,2016-04-09,ODI
980903,Kolkata Knight Riders,Delhi Daredevils,Eden Gardens,Kolkata,2016-04-10,ODI
980905,Kings XI Punjab,Gujarat Lions,"Punjab Cricket Association IS Bindra Stadium, Mohali",Chandigarh,2016-04-11,ODI
980907,Royal Challengers Bangalore,Sunrisers Hyderabad,M Chinnaswamy Stadium,Bangalore,2016-04-12,ODI
980909,Kolkata Knight Riders,Mumbai Indians,Eden Gardens,Kolkata,2016-04-13,ODI
980911,Gujarat Lions,Rising Pune Supergiants,Saurashtra Cricket Association Stadium,Rajkot,2016-04-14,ODI
980913,Delhi Daredevils,Kings XI Punjab,Feroz Shah Kotla,Delhi,2016-04-15,ODI
980915,Sunrisers Hyderabad,Kolkata Knight Riders,"Rajiv Gandhi International Stadium, Uppal",Hyderabad,2016-04-16,ODI
980917,Mumbai Indians,Gujarat Lions,Wankhede Stadium,Mumbai,2016-04-16,ODI
980919,Kings XI Punjab,Rising Pune Supergiants,"Punjab Cricket Association IS Bindra Stadium, Mohali",Chandigarh,2016-04-17,ODI
980921,Royal Challengers Bangalore,Delhi Daredevils,M Chinnaswamy Stadium,Bangalore,2016-04-17,ODI
980923,Sunrisers Hyderabad,Mumbai Indians,"Rajiv Gandhi International Stadium, Uppal",Hyderabad,2016-04-18,ODI
980925,Kings XI Punjab,Kolkata Knight Riders,"Punjab Cricket Association IS Bindra Stadium, Mohali",Chandigarh,2016-04-19,ODI
980927,Mumbai Indians,Royal Challengers Bangalore,Wankhede Stadium,Mumbai,2016-04-20,ODI
980929,Gujarat Lions,Sunrisers Hyderabad,Saurashtra Cricket Association Stadium,Rajkot,2016-04-21,ODI
980931,Rising Pune Supergiants,Royal Challengers Bangalore,Maharashtra Cricket Association Stadium,Pune,2016-04-22,ODI
980933,Delhi Daredevils,Mumbai Indians,Feroz Shah Kotla,Delhi,2016-04-23,ODI
980935,Sunrisers Hyderabad,Kings XI Punjab,"Rajiv Gandhi International Stadium, Uppal",Hyderabad,2016-04-23,ODI
980937,Gujarat Lions,Royal Challengers Bangalore,Saurashtra Cricket Association Stadium,Rajkot,2016-04-24,ODI
980939,Rising Pune Supergiants,Kolkata Knight Riders,Maharashtra Cricket Association Stadium,Pune,2016-04-24,ODI
980941,Kings XI Punjab,Mumbai Indians,"Punjab Cricket Association IS Bindra Stadium, Mohali",Chandigarh,2016-04-25,ODI
980943,Sunrisers Hyderabad,Rising Pune Supergiants,"Rajiv Gandhi International Stadium, Uppal",Hyderabad,2016-04-26,ODI
980945,Delhi Daredevils,Gujarat Lions,Feroz Shah Kotla,Delhi,2016-04-27,ODI
980947,Mumbai Indians,Kolkata Knight Riders,Wankhede Stadium,Mumbai,2016-04-28,ODI
980949,Rising Pune Supergiants,Gujarat Lions,Maharashtra Cricket Association Stadium,Pune,2016-04-29,ODI
980951,Delhi Daredevils,Kolkata Knight Riders,Feroz Shah Kotla,Delhi,2016-04-30,ODI
980953,Sunrisers Hyderabad,Royal Challengers Bangalore,"Rajiv Gandhi International Stadium, Uppal",Hyderabad,2016-04-30,ODI
980955,Gujarat Lions,Kings XI Punjab,Saurashtra Cricket Association Stadium,Rajkot,2016-05-01,ODI
980957,Rising Pune Supergiants,Mumbai Indians,Maharashtra Cricket Association Stadium,Pune,2016-05-01,ODI
980959,Royal Challengers Bangalore,Kolkata Knight Riders,M Chinnaswamy Stadium,Bangalore,2016-05-02,ODI
980961,Gujarat Lions,Delhi Daredevils,Saurashtra Cricket Association Stadium,Rajkot,2016-05-03,ODI
980963,Kolkata Knight Riders,Kings XI Punjab,Eden Gardens,Kolkata,2016-05-04,ODI
980965,Delhi Daredevils,Rising Pune Supergiants,Feroz Shah Kotla,Delhi,2016-05-05,ODI
980967,Sunrisers Hyderabad,Gujarat Lions,"Rajiv Gandhi International Stadium, Uppal",Hyderabad,2016-05-06,ODI
980969,Royal Challengers Bangalore,Rising Pune Supergiants,M Chinnaswamy Stadium,Bangalore,2016-05-07,ODI
980971,Kings XI Punjab,Delhi Daredevils,"Punjab Cricket Association IS Bindra Stadium, Mohali",Chandigarh,2016-05-07,ODI
980973,Mumbai Indians,Sunrisers Hyderabad,Dr. Y.S. Rajasekhara Reddy ACA-VDCA Cricket Stadium,Visakhapatnam,2016-05-08,ODI
980975,Kolkata Knight Riders,Gujarat Lions,Eden Gardens,Kolkata,2016-05-08,ODI
980977,Kings XI Punjab,Royal Challengers Bangalore,"Punjab Cricket Association IS Bindra Stadium, Mohali",Chandigarh,2016-05-09,ODI
980979,Rising Pune Supergiants,Sunrisers Hyderabad,Dr. Y.S. Rajasekhara Reddy ACA-VDCA Cricket Stadium,Visakhapatnam,2016-05-10,ODI
980981,Royal Challengers Bangalore,Mumbai Indians,M Chinnaswamy Stadium,Bangalore,2016-05-11,ODI
980983,Sunrisers Hyderabad,Delhi Daredevils,"Rajiv Gandhi International Stadium, Uppal",Hyderabad,2016-05-12,ODI
980985,Mumbai Indians,Kings XI Punjab,Dr. Y.S. Rajasekhara Reddy ACA-VDCA Cricket Stadium,Visakhapatnam,2016-05-13,ODI
980987,Royal Challengers Bangalore,Gujarat Lions,M Chinnaswamy Stadium,Bangalore,2016-05-14,ODI
980989,Kolkata Knight Riders,Rising Pune Supergiants,Eden Gardens,Kolkata,2016-05-14,ODI
980991,Kings XI Punjab,Sunrisers Hyderabad,"Punjab Cricket Association IS Bindra Stadium, Mohali",Chandigarh,2016-05-15,ODI
980993,Mumbai Indians,Delhi Daredevils,Dr. Y.S. Rajasekhara Reddy ACA-VDCA Cricket Stadium,Visakhapatnam,2016-05-15,ODI
980995,Kolkata Knight Riders,Royal Challengers Bangalore,Eden Gardens,Kolkata,2016-05-16,ODI
980997,Rising Pune Supergiants,Delhi Daredevils,Dr. Y.S. Rajasekhara Reddy ACA-VDCA Cricket Stadium,Visakhapatnam,2016-05-17,ODI
980999,Royal Challengers Bangalore,Kings XI Punjab,M Chinnaswamy Stadium,Bangalore,2016-05-18,ODI
981001,Gujarat Lions,Kolkata Knight Riders,Green Park,Kanpur,2016-05-19,ODI
981003,Delhi Daredevils,Sunrisers Hyderabad,Shaheed Veer Narayan Singh International Stadium,Raipur,2016-05-20,ODI
981005,Rising Pune Supergiants,Kings XI Punjab,Dr. Y.S. Rajasekhara Reddy ACA-VDCA Cricket Stadium,Visakhapatnam,2016-05-21,ODI
981007,Gujarat Lions,Mumbai Indians,Green Park,Kanpur,2016-05-21,ODI
981009,Kolkata Knight Riders,Sunrisers Hyderabad,Eden Gardens,Kolkata,2016-05-22,ODI
981011,Delhi Daredevils,Royal Challengers Bangalore,Shaheed Veer Narayan Singh International Stadium,Raipur,2016-05-22,ODI
981013,Gujarat Lions,Royal Challengers Bangalore,M Chinnaswamy Stadium,Bangalore,2016-05-24,ODI
981015,Sunrisers Hyderabad,Kolkata Knight Riders,Feroz Shah Kotla,Delhi,2016-05-25,ODI
981017,Gujarat Lions,Sunrisers Hyderabad,Feroz Shah Kotla,Delhi,2016-05-27,ODI
981019,Royal Challengers Bangalore,Sunrisers Hyderabad,M Chinnaswamy Stadium,Bangalore,2016-05-29,ODI
